2026/09/02 20:27:50.490, 33
2026/09/02 20:27:51.491, 33
2026/09/02 20:27:52.491, 33
2026/09/02 20:27:53.491, 33
2026/09/02 20:27:54.491, 36
2026/09/02 20:27:55.491, 36
2026/09/02 20:27:56.491, 16766
2026/09/02 20:27:57.492, 16816
2026/09/02 20:27:58.492, 16838
2026/09/02 20:27:59.492, 16858
2026/09/02 20:28:00.492, 16878
2026/09/02 20:28:01.492, 16898
2026/09/02 20:28:02.492, 16918
2026/09/02 20:28:03.492, 17322
2026/09/02 20:28:04.493, 17456
2026/09/02 20:28:05.493, 17556
2026/09/02 20:28:06.493, 18200
2026/09/02 20:28:07.493, 20938
2026/09/02 20:28:08.493, 20962
2026/09/02 20:28:09.493, 21008
2026/09/02 20:28:10.493, 21044
2026/09/02 20:28:11.494, 21044
2026/09/02 20:28:12.494, 21044
2026/09/02 20:28:13.494, 21044
2026/09/02 20:28:14.494, 21044
2026/09/02 20:28:15.494, 21044
2026/09/02 20:28:16.494, 21044
2026/09/02 20:28:17.494, 21044
2026/09/02 20:28:18.495, 21044
2026/09/02 20:28:19.495, 21044
2026/09/02 20:28:20.495, 21044
2026/09/02 20:28:21.495, 21044
2026/09/02 20:28:22.495, 21324
2026/09/02 20:28:23.495, 21324
2026/09/02 20:28:24.495, 21324
2026/09/02 20:28:25.496, 21324
2026/09/02 20:28:26.496, 21324
2026/09/02 20:28:27.496, 21324
2026/09/02 20:28:28.496, 21974
2026/09/02 20:28:29.496, 21974
2026/09/02 20:28:30.496, 21974
2026/09/02 20:28:31.496, 21974
2026/09/02 20:28:32.497, 22630
2026/09/02 20:28:33.497, 22630
2026/09/02 20:28:34.497, 22630
2026/09/02 20:28:35.497, 22630
2026/09/02 20:28:36.497, 22630
2026/09/02 20:28:37.497, 22630
2026/09/02 20:28:38.497, 22630
2026/09/02 20:28:39.498, 22634
2026/09/02 20:28:40.498, 22634
2026/09/02 20:28:41.498, 22634
2026/09/02 20:28:42.498, 22634
2026/09/02 20:28:43.498, 22634
2026/09/02 20:28:44.498, 22634
2026/09/02 20:28:45.499, 22634
2026/09/02 20:28:46.499, 22634
2026/09/02 20:28:47.499, 22634
2026/09/02 20:28:48.499, 22634
2026/09/02 20:28:49.499, 22634
2026/09/02 20:28:50.499, 22634
2026/09/02 20:28:51.499, 22634
2026/09/02 20:28:52.500, 22634
2026/09/02 20:28:53.500, 22634
2026/09/02 20:28:54.500, 22634
2026/09/02 20:28:55.500, 22634
2026/09/02 20:28:56.500, 23308
2026/09/02 20:28:57.500, 23308
2026/09/02 20:28:58.500, 23308
2026/09/02 20:28:59.501, 23308
2026/09/02 20:29:00.501, 23308
2026/09/02 20:29:01.501, 23308
2026/09/02 20:29:02.501, 23308
2026/09/02 20:29:03.501, 23308
2026/09/02 20:29:04.501, 23308
2026/09/02 20:29:05.501, 23308
2026/09/02 20:29:06.502, 23308
2026/09/02 20:29:07.502, 23308
2026/09/02 20:29:08.502, 23308
2026/09/02 20:29:09.502, 23308
2026/09/02 20:29:10.502, 23308
2026/09/02 20:29:11.502, 23308
2026/09/02 20:29:12.502, 23308
2026/09/02 20:29:13.503, 23308
2026/09/02 20:29:14.503, 23308
2026/09/02 20:29:15.503, 23308
2026/09/02 20:29:16.503, 23308
2026/09/02 20:29:17.503, 23308
2026/09/02 20:29:18.503, 23308
2026/09/02 20:29:19.504, 23308
2026/09/02 20:29:20.504, 23308
2026/09/02 20:29:21.504, 23308
2026/09/02 20:29:22.504, 23308
2026/09/02 20:29:23.504, 23308
2026/09/02 20:29:24.504, 23308
2026/09/02 20:29:25.504, 23308
2026/09/02 20:29:26.505, 23308
2026/09/02 20:29:27.505, 23308
2026/09/02 20:29:28.505, 23308
2026/09/02 20:29:29.505, 23308
2026/09/02 20:29:30.505, 23308
2026/09/02 20:29:31.505, 23308
2026/09/02 20:29:32.505, 23308
2026/09/02 20:29:33.506, 23308
2026/09/02 20:29:34.506, 23308
2026/09/02 20:29:35.506, 23308
2026/09/02 20:29:36.506, 23308
2026/09/02 20:29:37.506, 21988
2026/09/02 20:29:38.506, 21988
2026/09/02 20:29:39.506, 21988
2026/09/02 20:29:40.507, 21988
2026/09/02 20:29:41.507, 21988
2026/09/02 20:29:42.507, 21988
2026/09/02 20:29:43.507, 21988
2026/09/02 20:29:44.507, 22062
2026/09/02 20:29:45.507, 22062
2026/09/02 20:29:46.507, 22062
2026/09/02 20:29:47.508, 22062
2026/09/02 20:29:48.508, 22062
2026/09/02 20:29:49.508, 22062
2026/09/02 20:29:50.508, 22062
2026/09/02 20:29:51.508, 22062
2026/09/02 20:29:52.508, 22062
2026/09/02 20:29:53.509, 22062
2026/09/02 20:29:54.509, 22062
2026/09/02 20:29:55.509, 22062
2026/09/02 20:29:56.509, 22062
2026/09/02 20:29:57.509, 22062
2026/09/02 20:29:58.509, 22062
2026/09/02 20:29:59.509, 22062
2026/09/02 20:30:00.510, 22062
2026/09/02 20:30:01.510, 22062
2026/09/02 20:30:02.510, 22062
2026/09/02 20:30:03.510, 22062
2026/09/02 20:30:04.510, 22062
2026/09/02 20:30:05.510, 22062
2026/09/02 20:30:06.511, 22062
2026/09/02 20:30:07.511, 22062
2026/09/02 20:30:08.511, 22062
2026/09/02 20:30:09.511, 22062
2026/09/02 20:30:10.511, 22062
2026/09/02 20:30:11.511, 22062
2026/09/02 20:30:12.511, 22062
2026/09/02 20:30:13.511, 22062
2026/09/02 20:30:14.512, 22062
2026/09/02 20:30:15.512, 22062
2026/09/02 20:30:16.512, 22062
2026/09/02 20:30:17.512, 22062
2026/09/02 20:30:18.512, 22062
2026/09/02 20:30:19.512, 22062
2026/09/02 20:30:20.512, 22062
2026/09/02 20:30:21.513, 22062
2026/09/02 20:30:22.513, 22062
2026/09/02 20:30:23.513, 22062
2026/09/02 20:30:24.513, 22062
2026/09/02 20:30:25.513, 22062
2026/09/02 20:30:26.513, 22062
2026/09/02 20:30:27.513, 22062
2026/09/02 20:30:28.514, 22062
2026/09/02 20:30:29.514, 22062
2026/09/02 20:30:30.514, 22062
2026/09/02 20:30:31.514, 22062
2026/09/02 20:30:32.514, 22062
2026/09/02 20:30:33.514, 22062
2026/09/02 20:30:34.514, 22062
2026/09/02 20:30:35.515, 22062
2026/09/02 20:30:36.515, 22062
2026/09/02 20:30:37.515, 22062
2026/09/02 20:30:38.515, 22062
2026/09/02 20:30:39.515, 22062
2026/09/02 20:30:40.515, 22062
2026/09/02 20:30:41.516, 22062
2026/09/02 20:30:42.516, 22062
2026/09/02 20:30:43.516, 22062
2026/09/02 20:30:44.516, 22062
2026/09/02 20:30:45.516, 22062
2026/09/02 20:30:46.516, 22062
2026/09/02 20:30:47.516, 22062
2026/09/02 20:30:48.517, 22062
2026/09/02 20:30:49.517, 22062
2026/09/02 20:30:50.517, 22062
2026/09/02 20:30:51.517, 22062
2026/09/02 20:30:52.517, 22062
2026/09/02 20:30:53.517, 22062
2026/09/02 20:30:54.518, 22062
2026/09/02 20:30:55.518, 22062
2026/09/02 20:30:56.518, 22062
2026/09/02 20:30:57.518, 22062
2026/09/02 20:30:58.518, 22062
2026/09/02 20:30:59.518, 22062
2026/09/02 20:31:00.519, 22062
2026/09/02 20:31:01.519, 22062
2026/09/02 20:31:02.519, 22062
2026/09/02 20:31:03.519, 22062
2026/09/02 20:31:04.519, 22062
2026/09/02 20:31:05.520, 22062
2026/09/02 20:31:06.520, 22062
2026/09/02 20:31:07.520, 22062
2026/09/02 20:31:08.520, 22062
2026/09/02 20:31:09.520, 22062
2026/09/02 20:31:10.521, 22062
2026/09/02 20:31:11.521, 22062
2026/09/02 20:31:12.521, 22062
2026/09/02 20:31:13.521, 22062
2026/09/02 20:31:14.521, 22062
2026/09/02 20:31:15.521, 22062
2026/09/02 20:31:16.522, 22062
2026/09/02 20:31:17.522, 22062
2026/09/02 20:31:18.522, 22062
2026/09/02 20:31:19.522, 22062
2026/09/02 20:31:20.522, 22062
2026/09/02 20:31:21.522, 22062
2026/09/02 20:31:22.523, 22062
2026/09/02 20:31:23.523, 22062
2026/09/02 20:31:24.523, 22062
2026/09/02 20:31:25.523, 22062
2026/09/02 20:31:26.523, 22062
2026/09/02 20:31:27.523, 22062
2026/09/02 20:31:28.523, 22062
2026/09/02 20:31:29.524, 22062
2026/09/02 20:31:30.524, 22062
2026/09/02 20:31:31.524, 22062
2026/09/02 20:31:32.524, 22062
2026/09/02 20:31:33.524, 22062
2026/09/02 20:31:34.524, 22062
2026/09/02 20:31:35.525, 22062
2026/09/02 20:31:36.525, 22062
2026/09/02 20:31:37.525, 22062
2026/09/02 20:31:38.525, 22062
2026/09/02 20:31:39.525, 22062
2026/09/02 20:31:40.525, 22062
2026/09/02 20:31:41.525, 22062
2026/09/02 20:31:42.526, 22062
2026/09/02 20:31:43.526, 22062
2026/09/02 20:31:44.526, 22062
2026/09/02 20:31:45.526, 22062
2026/09/02 20:31:46.526, 22062
2026/09/02 20:31:47.526, 22062
2026/09/02 20:31:48.526, 22062
2026/09/02 20:31:49.527, 22062
2026/09/02 20:31:50.527, 22062
2026/09/02 20:31:51.527, 22062
2026/09/02 20:31:52.527, 22062
2026/09/02 20:31:53.527, 22062
2026/09/02 20:31:54.527, 22062
2026/09/02 20:31:55.528, 22062
2026/09/02 20:31:56.528, 22062
2026/09/02 20:31:57.528, 22062
2026/09/02 20:31:58.528, 22062
2026/09/02 20:31:59.528, 22062
2026/09/02 20:32:00.528, 22062
2026/09/02 20:32:01.528, 22062
2026/09/02 20:32:02.529, 22062
2026/09/02 20:32:03.529, 22062
2026/09/02 20:32:04.529, 22062
2026/09/02 20:32:05.529, 22062
2026/09/02 20:32:06.529, 22062
2026/09/02 20:32:07.529, 22062
2026/09/02 20:32:08.530, 22062
2026/09/02 20:32:09.530, 22062
2026/09/02 20:32:10.530, 22062
2026/09/02 20:32:11.530, 22062
2026/09/02 20:32:12.530, 22062
2026/09/02 20:32:13.530, 22062
2026/09/02 20:32:14.530, 22062
2026/09/02 20:32:15.531, 22062
2026/09/02 20:32:16.531, 22062
2026/09/02 20:32:17.531, 22062
2026/09/02 20:32:18.531, 22062
2026/09/02 20:32:19.531, 22062
2026/09/02 20:32:20.531, 22062
2026/09/02 20:32:21.532, 22062
2026/09/02 20:32:22.532, 22062
2026/09/02 20:32:23.532, 22062
2026/09/02 20:32:24.532, 22062
2026/09/02 20:32:25.532, 22062
2026/09/02 20:32:26.532, 22062
2026/09/02 20:32:27.532, 22062
2026/09/02 20:32:28.533, 22062
2026/09/02 20:32:29.533, 22062
2026/09/02 20:32:30.533, 22062
2026/09/02 20:32:31.533, 22062
2026/09/02 20:32:32.533, 22062
2026/09/02 20:32:33.533, 22062
2026/09/02 20:32:34.533, 22062
2026/09/02 20:32:35.534, 22062
2026/09/02 20:32:36.534, 22062
2026/09/02 20:32:37.534, 22062
2026/09/02 20:32:38.534, 22062
2026/09/02 20:32:39.534, 22062
2026/09/02 20:32:40.534, 22062
2026/09/02 20:32:41.534, 22062
2026/09/02 20:32:42.535, 22062
2026/09/02 20:32:43.535, 22062
2026/09/02 20:32:44.535, 22062
2026/09/02 20:32:45.535, 22062
2026/09/02 20:32:46.535, 22062
2026/09/02 20:32:47.535, 22062
2026/09/02 20:32:48.535, 22062
2026/09/02 20:32:49.536, 22062
2026/09/02 20:32:50.536, 22062
2026/09/02 20:32:51.536, 22062
2026/09/02 20:32:52.536, 22062
2026/09/02 20:32:53.536, 22062
2026/09/02 20:32:54.536, 22062
2026/09/02 20:32:55.537, 22062
2026/09/02 20:32:56.537, 22062
2026/09/02 20:32:57.537, 22062
2026/09/02 20:32:58.537, 22062
2026/09/02 20:32:59.537, 22062
2026/09/02 20:33:00.537, 22062
2026/09/02 20:33:01.537, 22062
2026/09/02 20:33:02.538, 22062
2026/09/02 20:33:03.538, 22062
2026/09/02 20:33:04.538, 22062
2026/09/02 20:33:05.538, 22062
2026/09/02 20:33:06.538, 22062
2026/09/02 20:33:07.538, 22062
2026/09/02 20:33:08.539, 22062
2026/09/02 20:33:09.539, 22062
2026/09/02 20:33:10.539, 22062
2026/09/02 20:33:11.539, 22062
2026/09/02 20:33:12.539, 22062
2026/09/02 20:33:13.539, 22062
2026/09/02 20:33:14.539, 22062
2026/09/02 20:33:15.540, 22062
2026/09/02 20:33:16.540, 22062
2026/09/02 20:33:17.540, 22062
2026/09/02 20:33:18.540, 22062
2026/09/02 20:33:19.540, 22062
2026/09/02 20:33:20.540, 22062
2026/09/02 20:33:21.540, 22062
2026/09/02 20:33:22.541, 22062
2026/09/02 20:33:23.541, 22062
2026/09/02 20:33:24.541, 22062
2026/09/02 20:33:25.541, 22062
2026/09/02 20:33:26.541, 22062
2026/09/02 20:33:27.541, 22062
2026/09/02 20:33:28.542, 22062
2026/09/02 20:33:29.542, 22062
2026/09/02 20:33:30.542, 22062
2026/09/02 20:33:31.542, 22062
2026/09/02 20:33:32.542, 22062
2026/09/02 20:33:33.542, 22062
2026/09/02 20:33:34.543, 22062
2026/09/02 20:33:35.543, 22062
2026/09/02 20:33:36.543, 22062
2026/09/02 20:33:37.543, 22062
2026/09/02 20:33:38.543, 22062
2026/09/02 20:33:39.543, 22062
2026/09/02 20:33:40.543, 22062
2026/09/02 20:33:41.544, 22062
2026/09/02 20:33:42.544, 22062
2026/09/02 20:33:43.544, 22062
2026/09/02 20:33:44.544, 22062
2026/09/02 20:33:45.544, 22062
2026/09/02 20:33:46.544, 22062
2026/09/02 20:33:47.544, 22062
2026/09/02 20:33:48.545, 22062
2026/09/02 20:33:49.545, 22062
2026/09/02 20:33:50.545, 22062
2026/09/02 20:33:51.545, 22062
2026/09/02 20:33:52.545, 22062
2026/09/02 20:33:53.545, 22062
2026/09/02 20:33:54.545, 22062
2026/09/02 20:33:55.546, 22062
2026/09/02 20:33:56.546, 22062
2026/09/02 20:33:57.546, 22062
2026/09/02 20:33:58.546, 22062
2026/09/02 20:33:59.546, 22062
2026/09/02 20:34:00.546, 22062
2026/09/02 20:34:01.547, 22062
2026/09/02 20:34:02.547, 22062
2026/09/02 20:34:03.547, 22062
2026/09/02 20:34:04.547, 22062
2026/09/02 20:34:05.547, 22062
2026/09/02 20:34:06.547, 22062
2026/09/02 20:34:07.547, 22062
2026/09/02 20:34:08.548, 22062
2026/09/02 20:34:09.548, 22062
2026/09/02 20:34:10.548, 22062
2026/09/02 20:34:11.548, 22062
2026/09/02 20:34:12.548, 22062
2026/09/02 20:34:13.548, 22062
2026/09/02 20:34:14.549, 22062
2026/09/02 20:34:15.549, 22062
2026/09/02 20:34:16.549, 22062
2026/09/02 20:34:17.549, 22062
2026/09/02 20:34:18.549, 22062
2026/09/02 20:34:19.549, 22062
2026/09/02 20:34:20.549, 22062
2026/09/02 20:34:21.550, 22062
2026/09/02 20:34:22.550, 22062
2026/09/02 20:34:23.550, 22062
2026/09/02 20:34:24.550, 22062
2026/09/02 20:34:25.550, 22062
2026/09/02 20:34:26.550, 22062
2026/09/02 20:34:27.551, 22062
2026/09/02 20:34:28.551, 22062
2026/09/02 20:34:29.551, 22062
2026/09/02 20:34:30.551, 22062
2026/09/02 20:34:31.551, 22062
2026/09/02 20:34:32.551, 22062
2026/09/02 20:34:33.551, 22062
2026/09/02 20:34:34.552, 22062
2026/09/02 20:34:35.552, 22062
2026/09/02 20:34:36.552, 22062
2026/09/02 20:34:37.552, 22062
2026/09/02 20:34:38.552, 22062
2026/09/02 20:34:39.552, 22062
2026/09/02 20:34:40.552, 22062
2026/09/02 20:34:41.553, 22062
2026/09/02 20:34:42.553, 22062
2026/09/02 20:34:43.553, 22062
2026/09/02 20:34:44.553, 22062
2026/09/02 20:34:45.553, 22062
2026/09/02 20:34:46.553, 22062
2026/09/02 20:34:47.553, 22062
2026/09/02 20:34:48.554, 22062
2026/09/02 20:34:49.554, 22062
2026/09/02 20:34:50.554, 22062
2026/09/02 20:34:51.554, 22062
2026/09/02 20:34:52.554, 22062
2026/09/02 20:34:53.554, 22062
2026/09/02 20:34:54.555, 22062
2026/09/02 20:34:55.555, 22062
2026/09/02 20:34:56.555, 22062
2026/09/02 20:34:57.555, 22062
2026/09/02 20:34:58.555, 22062
2026/09/02 20:34:59.555, 22062
2026/09/02 20:35:00.555, 22062
2026/09/02 20:35:01.556, 22062
2026/09/02 20:35:02.556, 22062
2026/09/02 20:35:03.556, 22062
2026/09/02 20:35:04.556, 22062
2026/09/02 20:35:05.556, 22062
2026/09/02 20:35:06.556, 22062
2026/09/02 20:35:07.556, 22062
2026/09/02 20:35:08.557, 22062
2026/09/02 20:35:09.557, 22062
2026/09/02 20:35:10.557, 22062
2026/09/02 20:35:11.557, 22062
2026/09/02 20:35:12.557, 22062
2026/09/02 20:35:13.557, 22062
2026/09/02 20:35:14.558, 22062
2026/09/02 20:35:15.558, 22062
2026/09/02 20:35:16.558, 22062
2026/09/02 20:35:17.558, 22062
2026/09/02 20:35:18.558, 22062
2026/09/02 20:35:19.558, 22062
2026/09/02 20:35:20.558, 22062
2026/09/02 20:35:21.559, 22062
2026/09/02 20:35:22.559, 22062
2026/09/02 20:35:23.559, 22062
2026/09/02 20:35:24.559, 22062
2026/09/02 20:35:25.559, 22062
2026/09/02 20:35:26.559, 22062
2026/09/02 20:35:27.559, 22062
2026/09/02 20:35:28.560, 22062
2026/09/02 20:35:29.560, 22062
2026/09/02 20:35:30.560, 22062
2026/09/02 20:35:31.560, 22062
2026/09/02 20:35:32.560, 22062
2026/09/02 20:35:33.560, 22062
2026/09/02 20:35:34.560, 22062
2026/09/02 20:35:35.561, 22062
2026/09/02 20:35:36.561, 22062
2026/09/02 20:35:37.561, 22062
2026/09/02 20:35:38.561, 22062
2026/09/02 20:35:39.561, 22062
2026/09/02 20:35:40.561, 22062
2026/09/02 20:35:41.562, 22062
2026/09/02 20:35:42.562, 22062
2026/09/02 20:35:43.562, 22062
2026/09/02 20:35:44.562, 22062
2026/09/02 20:35:45.562, 22062
2026/09/02 20:35:46.562, 22062
2026/09/02 20:35:47.562, 22062
2026/09/02 20:35:48.563, 22062
2026/09/02 20:35:49.563, 22062
2026/09/02 20:35:50.563, 22062
2026/09/02 20:35:51.563, 22062
2026/09/02 20:35:52.563, 22062
2026/09/02 20:35:53.563, 22062
2026/09/02 20:35:54.563, 22062
2026/09/02 20:35:55.564, 22062
2026/09/02 20:35:56.564, 22062
2026/09/02 20:35:57.564, 22062
2026/09/02 20:35:58.564, 22062
2026/09/02 20:35:59.564, 22062
2026/09/02 20:36:00.564, 22062
2026/09/02 20:36:01.565, 22062
2026/09/02 20:36:02.565, 22062
2026/09/02 20:36:03.565, 22062
2026/09/02 20:36:04.565, 22062
2026/09/02 20:36:05.565, 22062
2026/09/02 20:36:06.565, 22062
2026/09/02 20:36:07.565, 22062
2026/09/02 20:36:08.566, 22062
2026/09/02 20:36:09.566, 22062
2026/09/02 20:36:10.566, 22062
2026/09/02 20:36:11.566, 22062
2026/09/02 20:36:12.566, 22062
2026/09/02 20:36:13.566, 22062
2026/09/02 20:36:14.566, 22062
2026/09/02 20:36:15.567, 22062
2026/09/02 20:36:16.567, 22062
2026/09/02 20:36:17.567, 22062
2026/09/02 20:36:18.567, 22062
2026/09/02 20:36:19.567, 22062
2026/09/02 20:36:20.567, 22062
2026/09/02 20:36:21.568, 22062
2026/09/02 20:36:22.568, 22062
2026/09/02 20:36:23.568, 22062
2026/09/02 20:36:24.568, 22062
2026/09/02 20:36:25.568, 22062
2026/09/02 20:36:26.568, 22062
2026/09/02 20:36:27.568, 22062
2026/09/02 20:36:28.569, 22062
2026/09/02 20:36:29.569, 22062
2026/09/02 20:36:30.569, 22062
2026/09/02 20:36:31.569, 22062
2026/09/02 20:36:32.569, 22062
2026/09/02 20:36:33.569, 22062
2026/09/02 20:36:34.570, 22062
2026/09/02 20:36:35.570, 22062
2026/09/02 20:36:36.570, 22062
2026/09/02 20:36:37.570, 22062
2026/09/02 20:36:38.570, 22062
2026/09/02 20:36:39.570, 22062
2026/09/02 20:36:40.571, 22062
2026/09/02 20:36:41.571, 22062
2026/09/02 20:36:42.571, 22062
2026/09/02 20:36:43.571, 22062
2026/09/02 20:36:44.571, 22062
2026/09/02 20:36:45.571, 22062
2026/09/02 20:36:46.571, 22062
2026/09/02 20:36:47.572, 22062
2026/09/02 20:36:48.572, 22062
2026/09/02 20:36:49.572, 22062
2026/09/02 20:36:50.572, 22062
2026/09/02 20:36:51.572, 22062
2026/09/02 20:36:52.572, 22062
2026/09/02 20:36:53.572, 22062
2026/09/02 20:36:54.573, 22062
2026/09/02 20:36:55.573, 22062
2026/09/02 20:36:56.573, 22062
2026/09/02 20:36:57.573, 22062
2026/09/02 20:36:58.573, 22062
2026/09/02 20:36:59.573, 22062
2026/09/02 20:37:00.574, 22062
2026/09/02 20:37:01.574, 22062
2026/09/02 20:37:02.574, 22062
2026/09/02 20:37:03.574, 22062
2026/09/02 20:37:04.574, 22062
2026/09/02 20:37:05.574, 22062
2026/09/02 20:37:06.574, 22062
2026/09/02 20:37:07.575, 22062
2026/09/02 20:37:08.575, 22062
2026/09/02 20:37:09.575, 22062
2026/09/02 20:37:10.575, 22062
2026/09/02 20:37:11.575, 22062
2026/09/02 20:37:12.575, 22062
2026/09/02 20:37:13.576, 22062
2026/09/02 20:37:14.576, 22062
2026/09/02 20:37:15.576, 22062
2026/09/02 20:37:16.576, 22062
2026/09/02 20:37:17.576, 22062
2026/09/02 20:37:18.576, 22062
2026/09/02 20:37:19.576, 22062
2026/09/02 20:37:20.577, 22062
2026/09/02 20:37:21.577, 22062
2026/09/02 20:37:22.577, 22062
2026/09/02 20:37:23.577, 22062
2026/09/02 20:37:24.577, 22062
2026/09/02 20:37:25.577, 22062
2026/09/02 20:37:26.578, 22062
2026/09/02 20:37:27.578, 22062
2026/09/02 20:37:28.578, 22062
2026/09/02 20:37:29.578, 22062
2026/09/02 20:37:30.578, 22062
2026/09/02 20:37:31.578, 22062
2026/09/02 20:37:32.578, 22062
2026/09/02 20:37:33.579, 22062
2026/09/02 20:37:34.579, 22062
2026/09/02 20:37:35.579, 22062
2026/09/02 20:37:36.579, 22062
2026/09/02 20:37:37.579, 22062
2026/09/02 20:37:38.579, 22062
2026/09/02 20:37:39.579, 22062
2026/09/02 20:37:40.580, 22062
2026/09/02 20:37:41.580, 22062
2026/09/02 20:37:42.580, 22062
2026/09/02 20:37:43.580, 22062
2026/09/02 20:37:44.580, 22062
2026/09/02 20:37:45.580, 22062
2026/09/02 20:37:46.580, 22062
2026/09/02 20:37:47.581, 22062
2026/09/02 20:37:48.581, 22062
2026/09/02 20:37:49.581, 22062
2026/09/02 20:37:50.581, 22062
2026/09/02 20:37:51.581, 22062
2026/09/02 20:37:52.581, 22062
2026/09/02 20:37:53.582, 22062
2026/09/02 20:37:54.582, 22062
2026/09/02 20:37:55.582, 22062
2026/09/02 20:37:56.582, 22062
2026/09/02 20:37:57.582, 22062
2026/09/02 20:37:58.582, 22062
2026/09/02 20:37:59.582, 22062
2026/09/02 20:38:00.583, 22062
2026/09/02 20:38:01.583, 22062
2026/09/02 20:38:02.583, 22062
2026/09/02 20:38:03.583, 22062
2026/09/02 20:38:04.583, 22062
2026/09/02 20:38:05.583, 22062
2026/09/02 20:38:06.584, 22062
2026/09/02 20:38:07.584, 22062
2026/09/02 20:38:08.584, 22062
2026/09/02 20:38:09.584, 22062
2026/09/02 20:38:10.584, 22062
2026/09/02 20:38:11.584, 22062
2026/09/02 20:38:12.584, 22062
2026/09/02 20:38:13.585, 22062
2026/09/02 20:38:14.585, 22062
2026/09/02 20:38:15.585, 22062
2026/09/02 20:38:16.585, 22062
2026/09/02 20:38:17.585, 22062
2026/09/02 20:38:18.585, 22062
2026/09/02 20:38:19.585, 22062
2026/09/02 20:38:20.586, 22062
2026/09/02 20:38:21.586, 22062
2026/09/02 20:38:22.586, 22062
2026/09/02 20:38:23.586, 22062
2026/09/02 20:38:24.586, 22062
2026/09/02 20:38:25.586, 22062
2026/09/02 20:38:26.587, 22062
2026/09/02 20:38:27.587, 22062
2026/09/02 20:38:28.587, 22062
2026/09/02 20:38:29.587, 22062
2026/09/02 20:38:30.587, 22062
2026/09/02 20:38:31.587, 22062
2026/09/02 20:38:32.587, 22062
2026/09/02 20:38:33.588, 22062
2026/09/02 20:38:34.588, 22062
2026/09/02 20:38:35.588, 22062
2026/09/02 20:38:36.588, 22062
2026/09/02 20:38:37.588, 22062
2026/09/02 20:38:38.588, 22062
2026/09/02 20:38:39.588, 22062
2026/09/02 20:38:40.589, 22062
2026/09/02 20:38:41.589, 22062
2026/09/02 20:38:42.589, 22062
2026/09/02 20:38:43.589, 22062
2026/09/02 20:38:44.589, 22062
2026/09/02 20:38:45.589, 22062
2026/09/02 20:38:46.589, 22062
2026/09/02 20:38:47.590, 22062
2026/09/02 20:38:48.590, 22062
2026/09/02 20:38:49.590, 22062
2026/09/02 20:38:50.590, 22062
2026/09/02 20:38:51.590, 22062
2026/09/02 20:38:52.590, 22062
2026/09/02 20:38:53.591, 22062
2026/09/02 20:38:54.591, 22062
2026/09/02 20:38:55.591, 22062
2026/09/02 20:38:56.591, 22062
2026/09/02 20:38:57.591, 22062
2026/09/02 20:38:58.591, 22062
2026/09/02 20:38:59.591, 22062
2026/09/02 20:39:00.592, 22062
2026/09/02 20:39:01.592, 22062
2026/09/02 20:39:02.592, 22062
2026/09/02 20:39:03.592, 22062
2026/09/02 20:39:04.592, 22062
2026/09/02 20:39:05.592, 22062
2026/09/02 20:39:06.592, 22062
2026/09/02 20:39:07.593, 22062
2026/09/02 20:39:08.593, 22062
2026/09/02 20:39:09.593, 22062
2026/09/02 20:39:10.593, 22062
2026/09/02 20:39:11.593, 22062
2026/09/02 20:39:12.593, 22062
2026/09/02 20:39:13.593, 22062
2026/09/02 20:39:14.594, 22062
2026/09/02 20:39:15.594, 22062
2026/09/02 20:39:16.594, 22062
2026/09/02 20:39:17.594, 22062
2026/09/02 20:39:18.594, 22062
2026/09/02 20:39:19.594, 22062
2026/09/02 20:39:20.595, 22062
2026/09/02 20:39:21.595, 22062
2026/09/02 20:39:22.595, 22062
2026/09/02 20:39:23.595, 22062
2026/09/02 20:39:24.595, 22062
2026/09/02 20:39:25.595, 22062
2026/09/02 20:39:26.596, 22062
2026/09/02 20:39:27.596, 22062
2026/09/02 20:39:28.596, 22062
2026/09/02 20:39:29.596, 22062
2026/09/02 20:39:30.596, 22062
2026/09/02 20:39:31.596, 22062
2026/09/02 20:39:32.596, 22062
2026/09/02 20:39:33.596, 22062
2026/09/02 20:39:34.597, 22062
2026/09/02 20:39:35.597, 22062
2026/09/02 20:39:36.597, 22062
2026/09/02 20:39:37.597, 22062
2026/09/02 20:39:38.597, 22062
2026/09/02 20:39:39.597, 22062
2026/09/02 20:39:40.598, 22062
2026/09/02 20:39:41.598, 22062
2026/09/02 20:39:42.598, 22062
2026/09/02 20:39:43.598, 22062
2026/09/02 20:39:44.598, 22062
2026/09/02 20:39:45.598, 22062
2026/09/02 20:39:46.599, 22062
2026/09/02 20:39:47.599, 22062
2026/09/02 20:39:48.599, 22062
2026/09/02 20:39:49.599, 22062
2026/09/02 20:39:50.599, 22062
2026/09/02 20:39:51.599, 22062
2026/09/02 20:39:52.599, 22062
2026/09/02 20:39:53.600, 22062
2026/09/02 20:39:54.600, 22062
2026/09/02 20:39:55.600, 22062
2026/09/02 20:39:56.600, 22062
2026/09/02 20:39:57.600, 22062
2026/09/02 20:39:58.600, 22062
2026/09/02 20:39:59.600, 22062
2026/09/02 20:40:00.601, 22062
2026/09/02 20:40:01.601, 22062
2026/09/02 20:40:02.601, 22062
2026/09/02 20:40:03.601, 22062
2026/09/02 20:40:04.601, 22062
2026/09/02 20:40:05.601, 22062
2026/09/02 20:40:06.601, 22062
2026/09/02 20:40:07.602, 22062
2026/09/02 20:40:08.602, 22062
2026/09/02 20:40:09.602, 22062
2026/09/02 20:40:10.602, 22062
2026/09/02 20:40:11.602, 22062
2026/09/02 20:40:12.602, 22062
2026/09/02 20:40:13.603, 22062
2026/09/02 20:40:14.603, 22062
2026/09/02 20:40:15.603, 22062
2026/09/02 20:40:16.603, 22062
2026/09/02 20:40:17.603, 22062
2026/09/02 20:40:18.603, 22062
2026/09/02 20:40:19.603, 22062
2026/09/02 20:40:20.604, 22062
2026/09/02 20:40:21.604, 22062
2026/09/02 20:40:22.604, 22062
2026/09/02 20:40:23.604, 22062
2026/09/02 20:40:24.604, 22062
2026/09/02 20:40:25.604, 22062
2026/09/02 20:40:26.604, 22062
2026/09/02 20:40:27.605, 22062
2026/09/02 20:40:28.605, 22062
2026/09/02 20:40:29.605, 22062
2026/09/02 20:40:30.605, 22062
2026/09/02 20:40:31.605, 22062
2026/09/02 20:40:32.605, 22062
2026/09/02 20:40:33.605, 22062
2026/09/02 20:40:34.606, 22062
2026/09/02 20:40:35.606, 22062
2026/09/02 20:40:36.606, 22062
2026/09/02 20:40:37.606, 22062
2026/09/02 20:40:38.606, 22062
2026/09/02 20:40:39.606, 22062
2026/09/02 20:40:40.606, 22062
2026/09/02 20:40:41.607, 22062
2026/09/02 20:40:42.607, 22062
2026/09/02 20:40:43.607, 22062
2026/09/02 20:40:44.607, 22062
2026/09/02 20:40:45.607, 22062
2026/09/02 20:40:46.607, 22062
2026/09/02 20:40:47.608, 22062
2026/09/02 20:40:48.608, 22062
2026/09/02 20:40:49.608, 22062
2026/09/02 20:40:50.608, 22062
2026/09/02 20:40:51.608, 22062
2026/09/02 20:40:52.608, 22062
2026/09/02 20:40:53.608, 22062
2026/09/02 20:40:54.609, 22062
2026/09/02 20:40:55.609, 22062
2026/09/02 20:40:56.609, 22062
2026/09/02 20:40:57.609, 22062
2026/09/02 20:40:58.609, 22062
2026/09/02 20:40:59.609, 22062
2026/09/02 20:41:00.610, 22062
2026/09/02 20:41:01.610, 22062
2026/09/02 20:41:02.610, 22062
2026/09/02 20:41:03.610, 22062
2026/09/02 20:41:04.610, 22062
2026/09/02 20:41:05.610, 22062
2026/09/02 20:41:06.611, 22062
2026/09/02 20:41:07.611, 22062
2026/09/02 20:41:08.611, 22062
2026/09/02 20:41:09.611, 22062
2026/09/02 20:41:10.611, 22062
2026/09/02 20:41:11.611, 22062
2026/09/02 20:41:12.611, 22062
2026/09/02 20:41:13.612, 22062
2026/09/02 20:41:14.612, 22062
2026/09/02 20:41:15.612, 22062
2026/09/02 20:41:16.612, 22062
2026/09/02 20:41:17.612, 22062
2026/09/02 20:41:18.612, 22062
2026/09/02 20:41:19.612, 22062
2026/09/02 20:41:20.613, 22062
2026/09/02 20:41:21.613, 22062
2026/09/02 20:41:22.613, 22062
2026/09/02 20:41:23.613, 22062
2026/09/02 20:41:24.613, 22062
2026/09/02 20:41:25.613, 22062
2026/09/02 20:41:26.614, 22062
2026/09/02 20:41:27.614, 22062
2026/09/02 20:41:28.614, 22062
2026/09/02 20:41:29.614, 22062
2026/09/02 20:41:30.614, 22062
2026/09/02 20:41:31.614, 22062
2026/09/02 20:41:32.614, 22062
2026/09/02 20:41:33.615, 22062
2026/09/02 20:41:34.615, 22062
2026/09/02 20:41:35.615, 22062
2026/09/02 20:41:36.615, 22062
2026/09/02 20:41:37.615, 22062
2026/09/02 20:41:38.615, 22062
2026/09/02 20:41:39.615, 22062
2026/09/02 20:41:40.616, 22062
2026/09/02 20:41:41.616, 22062
2026/09/02 20:41:42.616, 22062
2026/09/02 20:41:43.616, 22062
2026/09/02 20:41:44.616, 22062
2026/09/02 20:41:45.616, 22062
2026/09/02 20:41:46.617, 22062
2026/09/02 20:41:47.617, 22062
2026/09/02 20:41:48.617, 22062
2026/09/02 20:41:49.617, 22062
2026/09/02 20:41:50.617, 22062
2026/09/02 20:41:51.617, 22062
2026/09/02 20:41:52.617, 22062
2026/09/02 20:41:53.618, 22062
2026/09/02 20:41:54.618, 22062
2026/09/02 20:41:55.618, 22062
2026/09/02 20:41:56.618, 22062
2026/09/02 20:41:57.618, 22062
2026/09/02 20:41:58.618, 22062
2026/09/02 20:41:59.619, 22062
2026/09/02 20:42:00.619, 22062
2026/09/02 20:42:01.619, 22062
2026/09/02 20:42:02.619, 22062
2026/09/02 20:42:03.619, 22062
2026/09/02 20:42:04.619, 22062
2026/09/02 20:42:05.619, 22062
2026/09/02 20:42:06.620, 22062
2026/09/02 20:42:07.620, 22062
2026/09/02 20:42:08.620, 22062
2026/09/02 20:42:09.620, 22062
2026/09/02 20:42:10.620, 22062
2026/09/02 20:42:11.620, 22062
2026/09/02 20:42:12.621, 22062
2026/09/02 20:42:13.621, 22062
2026/09/02 20:42:14.621, 22062
2026/09/02 20:42:15.621, 22062
2026/09/02 20:42:16.621, 22062
2026/09/02 20:42:17.621, 22062
2026/09/02 20:42:18.621, 22062
2026/09/02 20:42:19.622, 22062
2026/09/02 20:42:20.622, 22062
2026/09/02 20:42:21.622, 22062
2026/09/02 20:42:22.622, 22062
2026/09/02 20:42:23.622, 22062
2026/09/02 20:42:24.622, 22062
2026/09/02 20:42:25.622, 22062
2026/09/02 20:42:26.623, 22062
2026/09/02 20:42:27.623, 22062
2026/09/02 20:42:28.623, 22062
2026/09/02 20:42:29.623, 22062
2026/09/02 20:42:30.623, 22062
2026/09/02 20:42:31.623, 22062
2026/09/02 20:42:32.624, 22062
2026/09/02 20:42:33.624, 22062
2026/09/02 20:42:34.624, 22062
2026/09/02 20:42:35.624, 22062
2026/09/02 20:42:36.624, 22062
2026/09/02 20:42:37.624, 22062
2026/09/02 20:42:38.625, 22062
2026/09/02 20:42:39.625, 22062
2026/09/02 20:42:40.625, 22062
2026/09/02 20:42:41.625, 22062
2026/09/02 20:42:42.625, 22062
2026/09/02 20:42:43.625, 22062
2026/09/02 20:42:44.625, 22062
2026/09/02 20:42:45.626, 22062
2026/09/02 20:42:46.626, 22062
2026/09/02 20:42:47.626, 22062
2026/09/02 20:42:48.626, 22062
2026/09/02 20:42:49.626, 22062
2026/09/02 20:42:50.626, 22062
2026/09/02 20:42:51.627, 22062
2026/09/02 20:42:52.627, 22062
2026/09/02 20:42:53.627, 22062
2026/09/02 20:42:54.627, 22062
2026/09/02 20:42:55.627, 22062
2026/09/02 20:42:56.627, 22062
2026/09/02 20:42:57.628, 22062
2026/09/02 20:42:58.628, 22062
2026/09/02 20:42:59.628, 22062
2026/09/02 20:43:00.628, 22062
2026/09/02 20:43:01.628, 22062
2026/09/02 20:43:02.628, 22062
2026/09/02 20:43:03.628, 22062
2026/09/02 20:43:04.629, 22062
2026/09/02 20:43:05.629, 22062
2026/09/02 20:43:06.629, 22062
2026/09/02 20:43:07.629, 22062
2026/09/02 20:43:08.629, 22062
2026/09/02 20:43:09.629, 22062
2026/09/02 20:43:10.629, 22062
2026/09/02 20:43:11.630, 22062
2026/09/02 20:43:12.630, 22062
2026/09/02 20:43:13.630, 22062
2026/09/02 20:43:14.630, 22062
2026/09/02 20:43:15.630, 22062
2026/09/02 20:43:16.630, 22062
2026/09/02 20:43:17.631, 22062
2026/09/02 20:43:18.631, 22062
2026/09/02 20:43:19.631, 22062
2026/09/02 20:43:20.631, 22062
2026/09/02 20:43:21.631, 22062
2026/09/02 20:43:22.631, 22062
2026/09/02 20:43:23.631, 22062
2026/09/02 20:43:24.632, 22062
2026/09/02 20:43:25.632, 22062
2026/09/02 20:43:26.632, 22062
2026/09/02 20:43:27.632, 22062
2026/09/02 20:43:28.632, 22062
2026/09/02 20:43:29.632, 22062
2026/09/02 20:43:30.632, 22062
2026/09/02 20:43:31.633, 22062
2026/09/02 20:43:32.633, 22062
2026/09/02 20:43:33.633, 22062
2026/09/02 20:43:34.633, 22062
2026/09/02 20:43:35.633, 22062
2026/09/02 20:43:36.633, 22062
2026/09/02 20:43:37.633, 22062
2026/09/02 20:43:38.634, 22062
2026/09/02 20:43:39.634, 22062
2026/09/02 20:43:40.634, 22062
2026/09/02 20:43:41.634, 22062
2026/09/02 20:43:42.634, 22062
2026/09/02 20:43:43.634, 22062
2026/09/02 20:43:44.635, 22062
2026/09/02 20:43:45.635, 22062
2026/09/02 20:43:46.635, 22062
2026/09/02 20:43:47.635, 22062
2026/09/02 20:43:48.635, 22062
2026/09/02 20:43:49.635, 22062
2026/09/02 20:43:50.635, 22062
2026/09/02 20:43:51.636, 22062
2026/09/02 20:43:52.636, 22062
2026/09/02 20:43:53.636, 22062
2026/09/02 20:43:54.636, 22062
2026/09/02 20:43:55.636, 22062
2026/09/02 20:43:56.636, 22062
2026/09/02 20:43:57.637, 22062
2026/09/02 20:43:58.637, 22062
2026/09/02 20:43:59.637, 22062
2026/09/02 20:44:00.637, 22062
2026/09/02 20:44:01.637, 22062
2026/09/02 20:44:02.637, 22062
2026/09/02 20:44:03.637, 22062
2026/09/02 20:44:04.638, 22062
2026/09/02 20:44:05.638, 22062
2026/09/02 20:44:06.638, 22062
2026/09/02 20:44:07.638, 22062
2026/09/02 20:44:08.638, 22062
2026/09/02 20:44:09.638, 22062
2026/09/02 20:44:10.638, 22062
2026/09/02 20:44:11.639, 22062
2026/09/02 20:44:12.639, 22062
2026/09/02 20:44:13.639, 22062
2026/09/02 20:44:14.639, 22062
2026/09/02 20:44:15.639, 22062
2026/09/02 20:44:16.639, 22062
2026/09/02 20:44:17.640, 22062
2026/09/02 20:44:18.640, 22062
2026/09/02 20:44:19.640, 22062
2026/09/02 20:44:20.640, 22062
2026/09/02 20:44:21.640, 22062
2026/09/02 20:44:22.640, 22062
2026/09/02 20:44:23.640, 22062
2026/09/02 20:44:24.641, 22062
2026/09/02 20:44:25.641, 22062
2026/09/02 20:44:26.641, 22062
2026/09/02 20:44:27.641, 22062
2026/09/02 20:44:28.641, 22062
2026/09/02 20:44:29.641, 22062
