phase	ncmoe	depth	reps	rc	vram_peak_mib	temp_c	sm_mhz	pwr_w
1	32	0	2	0	1467	56	1777	60.05
1	20	0	2	0	7047	56	1777	70.27
1	14	0	2	0	9769	57	1777	82.29
1	12	0	2	0	10699	58	1905	103.62
1	8	0	2	1	1	54	1777	39.98
1	4	0	2	1	1	53	1777	35.16
1	0	0	2	1	1	53	1777	34.73
1	1	0	2	1	1	53	1777	34.84
1	2	0	2	1	1	54	1777	34.90
1	3	0	2	1	1	54	1777	35.26
1	4	0	2	1	1	54	1777	39.09
1	5	0	2	1	1	55	1777	35.26
1	6	0	2	1	1	55	1777	35.38
1	7	0	2	1	1	55	1777	39.73
1	8	0	2	1	1	55	1777	35.85
1	9	0	2	1	11797	55	1972	52.62
1	10	0	2	0	11629	60	1957	118.80
2	10	0,4096,8192	3	1	11875	59	1965	119.21
2	12	0,4096,8192	3	0	11187	58	1957	110.76
