timestamp,pcie.link.gen.current,pcie.link.gen.gpucurrent,pcie.link.width.current,temperature.gpu,clocks.sm,clocks.mem,power.draw,utilization.gpu,memory.used,clocks_event_reasons.active
2026/09/21 21:41:15.143, 4, 4, 16, 60, 1935, 9751, 154.62, 0, 1, 0x0000000000000000
2026/09/21 21:41:16.148, 4, 4, 16, 60, 1935, 9751, 154.62, 0, 1, 0x0000000000000000
2026/09/21 21:41:17.148, 4, 4, 16, 58, 1800, 9501, 121.25, 3, 266, 0x0000000000000000
2026/09/21 21:41:18.148, 4, 4, 16, 58, 1800, 9501, 128.88, 0, 266, 0x0000000000000000
2026/09/21 21:41:19.150, 4, 4, 16, 57, 1800, 9501, 131.75, 0, 266, 0x0000000000000000
2026/09/21 21:41:20.153, 4, 4, 16, 57, 1800, 9501, 131.62, 0, 266, 0x0000000000000000
2026/09/21 21:41:21.153, 4, 4, 16, 56, 1800, 9501, 131.44, 0, 266, 0x0000000000000000
2026/09/21 21:41:22.153, 4, 4, 16, 56, 1800, 9501, 131.22, 0, 20380, 0x0000000000000000
2026/09/21 21:41:23.154, 4, 4, 16, 56, 1800, 9501, 131.92, 16, 20380, 0x0000000000000000
2026/09/21 21:41:24.154, 4, 4, 16, 55, 1800, 9501, 132.15, 18, 20380, 0x0000000000000000
2026/09/21 21:41:25.155, 4, 4, 16, 56, 1950, 9501, 141.51, 52, 20380, 0x0000000000000000
2026/09/21 21:41:26.155, 4, 4, 16, 61, 1860, 9501, 220.62, 99, 21024, 0x0000000000000004
2026/09/21 21:41:27.155, 4, 4, 16, 63, 1935, 9501, 395.13, 99, 20626, 0x0000000000000004
2026/09/21 21:41:28.155, 4, 4, 16, 64, 1935, 9501, 400.10, 99, 20626, 0x0000000000000004
2026/09/21 21:41:29.155, 4, 4, 16, 64, 1935, 9501, 400.16, 99, 20626, 0x0000000000000004
2026/09/21 21:41:30.156, 4, 4, 16, 65, 1935, 9501, 402.07, 99, 21104, 0x0000000000000004
2026/09/21 21:41:31.156, 4, 4, 16, 66, 1845, 9501, 407.81, 100, 21104, 0x0000000000000004
2026/09/21 21:41:32.156, 4, 4, 16, 66, 1845, 9501, 389.49, 89, 21078, 0x0000000000000004
2026/09/21 21:41:33.156, 4, 4, 16, 66, 1935, 9501, 387.34, 99, 21078, 0x0000000000000004
2026/09/21 21:41:34.156, 4, 4, 16, 65, 1935, 9501, 397.96, 90, 21078, 0x0000000000000004
2026/09/21 21:41:35.157, 4, 4, 16, 66, 1935, 9501, 397.70, 99, 21078, 0x0000000000000004
2026/09/21 21:41:36.158, 4, 4, 16, 66, 1935, 9501, 401.72, 99, 21184, 0x0000000000000004
2026/09/21 21:41:37.158, 4, 4, 16, 68, 1830, 9501, 408.69, 100, 21184, 0x0000000000000004
2026/09/21 21:41:38.159, 4, 4, 16, 68, 1830, 9501, 414.27, 100, 21184, 0x0000000000000004
2026/09/21 21:41:39.159, 4, 4, 16, 67, 1845, 9501, 385.17, 96, 21184, 0x0000000000000004
2026/09/21 21:41:40.159, 4, 4, 16, 67, 1920, 9501, 379.65, 99, 21158, 0x0000000000000004
2026/09/21 21:41:41.159, 4, 4, 16, 67, 1920, 9501, 399.33, 99, 21158, 0x0000000000000004
2026/09/21 21:41:42.159, 4, 4, 16, 68, 1920, 9501, 399.96, 99, 21158, 0x0000000000000004
2026/09/21 21:41:43.160, 4, 4, 16, 67, 1920, 9501, 394.65, 86, 21158, 0x0000000000000004
2026/09/21 21:41:44.160, 4, 4, 16, 62, 1920, 9501, 330.34, 100, 1, 0x0000000000000000
2026/09/21 21:41:45.161, 4, 4, 16, 60, 1935, 9751, 155.93, 0, 1, 0x0000000000000000
