2026/10/09 14:28:16.198, 4, 16, 60, 1935, 9751, 156.96, 0, 7, 0x0000000000000000
2026/10/09 14:28:17.203, 4, 16, 58, 390, 5001, 148.42, 0, 7, 0x0000000000000001
2026/10/09 14:28:18.203, 4, 16, 58, 1800, 9501, 96.34, 0, 272, 0x0000000000000000
2026/10/09 14:28:19.203, 4, 16, 58, 1800, 9501, 134.89, 52, 11576, 0x0000000000000000
2026/10/09 14:28:20.203, 4, 16, 59, 1935, 9501, 156.82, 54, 12202, 0x0000000000000000
2026/10/09 14:28:21.204, 4, 16, 60, 1935, 9501, 212.55, 58, 12226, 0x0000000000000000
2026/10/09 14:28:22.204, 4, 16, 60, 1935, 9501, 227.58, 59, 12226, 0x0000000000000000
2026/10/09 14:28:23.204, 4, 16, 60, 1935, 9501, 217.48, 64, 12226, 0x0000000000000000
2026/10/09 14:28:24.205, 4, 16, 61, 1935, 9501, 237.72, 40, 11898, 0x0000000000000000
2026/10/09 14:28:25.205, 4, 16, 61, 1935, 9501, 243.78, 40, 11898, 0x0000000000000000
2026/10/09 14:28:26.205, 4, 16, 61, 1935, 9501, 242.94, 43, 11898, 0x0000000000000000
2026/10/09 14:28:27.205, 4, 16, 61, 1935, 9501, 243.90, 42, 11898, 0x0000000000000000
2026/10/09 14:28:28.206, 4, 16, 61, 1935, 9501, 243.12, 43, 11898, 0x0000000000000000
2026/10/09 14:28:29.206, 4, 16, 61, 1935, 9501, 243.42, 40, 11898, 0x0000000000000000
2026/10/09 14:28:30.206, 4, 16, 60, 1935, 9501, 243.14, 40, 11898, 0x0000000000000000
2026/10/09 14:28:31.207, 4, 16, 61, 1935, 9501, 242.91, 40, 11898, 0x0000000000000000
2026/10/09 14:28:32.207, 4, 16, 60, 1935, 9501, 243.27, 40, 11898, 0x0000000000000000
2026/10/09 14:28:33.207, 4, 16, 59, 1935, 9501, 219.77, 59, 12306, 0x0000000000000000
2026/10/09 14:28:34.207, 4, 16, 60, 1935, 9501, 228.12, 58, 12306, 0x0000000000000000
2026/10/09 14:28:35.208, 4, 16, 59, 1875, 9501, 222.56, 76, 12306, 0x0000000000000004
2026/10/09 14:28:36.208, 4, 16, 59, 1935, 9501, 227.38, 58, 12306, 0x0000000000000000
2026/10/09 14:28:37.208, 4, 16, 61, 1935, 9501, 228.64, 78, 12306, 0x0000000000000004
2026/10/09 14:28:38.209, 4, 16, 59, 1935, 9501, 224.29, 59, 12306, 0x0000000000000000
2026/10/09 14:28:39.209, 4, 16, 59, 1875, 9501, 224.37, 83, 12306, 0x0000000000000004
2026/10/09 14:28:40.209, 4, 16, 59, 1935, 9501, 227.57, 59, 12306, 0x0000000000000000
2026/10/09 14:28:41.210, 4, 16, 59, 1875, 9501, 222.47, 76, 12306, 0x0000000000000004
2026/10/09 14:28:42.210, 4, 16, 60, 1935, 9501, 236.77, 41, 12280, 0x0000000000000000
2026/10/09 14:28:43.210, 4, 16, 60, 1935, 9501, 244.27, 41, 12280, 0x0000000000000000
2026/10/09 14:28:44.210, 4, 16, 60, 1935, 9501, 243.15, 41, 12280, 0x0000000000000000
2026/10/09 14:28:45.211, 4, 16, 60, 1935, 9501, 243.90, 41, 12280, 0x0000000000000000
2026/10/09 14:28:46.211, 4, 16, 60, 1935, 9501, 242.86, 41, 12280, 0x0000000000000000
2026/10/09 14:28:47.212, 4, 16, 60, 1935, 9501, 243.93, 42, 12280, 0x0000000000000000
2026/10/09 14:28:48.212, 4, 16, 60, 1935, 9501, 242.89, 44, 12280, 0x0000000000000000
2026/10/09 14:28:49.212, 4, 16, 59, 1935, 9501, 243.48, 42, 12280, 0x0000000000000000
2026/10/09 14:28:50.213, 4, 16, 59, 1935, 9501, 244.38, 41, 12280, 0x0000000000000000
2026/10/09 14:28:51.213, 4, 16, 58, 1935, 9751, 212.74, 0, 7, 0x0000000000000000
