2026/10/09 14:33:00.498, 4, 16, 59, 1935, 9751, 155.58, 0, 7, 0x0000000000000000
2026/10/09 14:33:01.502, 4, 16, 59, 1935, 9751, 147.56, 0, 7, 0x0000000000000001
2026/10/09 14:33:02.502, 4, 16, 57, 1800, 9501, 122.60, 3, 272, 0x0000000000000000
2026/10/09 14:33:03.502, 4, 16, 57, 1800, 9501, 130.33, 0, 272, 0x0000000000000000
2026/10/09 14:33:04.503, 4, 16, 57, 1800, 9501, 132.88, 0, 272, 0x0000000000000000
2026/10/09 14:33:05.503, 4, 16, 57, 1800, 9501, 132.71, 0, 272, 0x0000000000000000
2026/10/09 14:33:06.503, 4, 16, 56, 1800, 9501, 132.39, 0, 272, 0x0000000000000000
2026/10/09 14:33:07.503, 4, 16, 56, 1800, 9501, 132.24, 0, 272, 0x0000000000000000
2026/10/09 14:33:08.503, 4, 16, 56, 1800, 9501, 132.10, 0, 272, 0x0000000000000000
2026/10/09 14:33:09.504, 4, 16, 56, 1800, 9501, 131.79, 0, 272, 0x0000000000000000
2026/10/09 14:33:10.504, 4, 16, 55, 1800, 9501, 131.59, 0, 272, 0x0000000000000000
2026/10/09 14:33:11.504, 4, 16, 55, 1800, 9501, 131.42, 0, 272, 0x0000000000000000
2026/10/09 14:33:12.504, 4, 16, 55, 1800, 9501, 131.29, 0, 272, 0x0000000000000000
2026/10/09 14:33:13.504, 4, 16, 55, 1800, 9501, 131.23, 0, 272, 0x0000000000000000
2026/10/09 14:33:14.505, 4, 16, 54, 1800, 9501, 131.20, 0, 272, 0x0000000000000000
2026/10/09 14:33:15.505, 4, 16, 54, 1800, 9501, 131.13, 7, 22376, 0x0000000000000000
2026/10/09 14:33:16.505, 4, 16, 54, 1800, 9501, 132.30, 49, 22376, 0x0000000000000000
2026/10/09 14:33:17.505, 4, 16, 55, 1950, 9501, 150.80, 55, 22376, 0x0000000000000000
2026/10/09 14:33:18.506, 4, 16, 54, 1950, 9501, 153.00, 1, 23028, 0x0000000000000000
2026/10/09 14:33:19.506, 4, 16, 54, 1950, 9501, 157.83, 2, 23048, 0x0000000000000000
2026/10/09 14:33:20.506, 4, 16, 54, 1800, 9501, 146.72, 3, 23048, 0x0000000000000000
2026/10/09 14:33:21.506, 4, 16, 54, 1800, 9501, 144.26, 12, 23048, 0x0000000000000000
2026/10/09 14:33:22.506, 4, 16, 54, 1800, 9501, 150.49, 14, 23048, 0x0000000000000000
2026/10/09 14:33:23.507, 4, 16, 54, 1800, 9501, 158.76, 16, 23048, 0x0000000000000000
2026/10/09 14:33:24.507, 4, 16, 54, 1800, 9501, 163.45, 13, 23048, 0x0000000000000000
2026/10/09 14:33:25.507, 4, 16, 54, 1800, 9501, 161.26, 18, 23048, 0x0000000000000000
2026/10/09 14:33:26.507, 4, 16, 54, 1800, 9501, 162.61, 23, 23048, 0x0000000000000000
2026/10/09 14:33:27.508, 4, 16, 54, 1800, 9501, 167.76, 33, 23048, 0x0000000000000000
2026/10/09 14:33:28.508, 4, 16, 54, 1800, 9501, 169.15, 33, 23048, 0x0000000000000000
2026/10/09 14:33:29.508, 4, 16, 53, 1800, 9501, 173.96, 24, 23048, 0x0000000000000000
2026/10/09 14:33:30.508, 4, 16, 53, 1800, 9501, 162.18, 35, 23048, 0x0000000000000000
2026/10/09 14:33:31.508, 4, 16, 54, 1800, 9501, 178.20, 28, 23048, 0x0000000000000000
2026/10/09 14:33:32.508, 4, 16, 54, 1800, 9501, 180.23, 18, 23048, 0x0000000000000000
2026/10/09 14:33:33.509, 4, 16, 54, 1800, 9501, 175.59, 37, 23048, 0x0000000000000000
2026/10/09 14:33:34.509, 4, 16, 54, 1800, 9501, 180.08, 28, 23048, 0x0000000000000000
2026/10/09 14:33:35.509, 4, 16, 53, 1800, 9501, 180.61, 19, 23048, 0x0000000000000000
2026/10/09 14:33:36.509, 4, 16, 54, 1800, 9501, 180.19, 37, 23048, 0x0000000000000000
2026/10/09 14:33:37.509, 4, 16, 54, 1800, 9501, 188.29, 40, 23048, 0x0000000000000000
2026/10/09 14:33:38.510, 4, 16, 54, 1800, 9501, 189.80, 39, 23048, 0x0000000000000000
2026/10/09 14:33:39.510, 4, 16, 54, 1800, 9501, 189.22, 37, 23048, 0x0000000000000000
2026/10/09 14:33:40.510, 4, 16, 53, 1800, 9501, 184.50, 13, 23330, 0x0000000000000000
2026/10/09 14:33:41.510, 4, 16, 52, 1800, 9501, 133.43, 22, 23360, 0x0000000000000000
2026/10/09 14:33:42.511, 4, 16, 52, 1800, 9501, 145.29, 28, 23362, 0x0000000000000000
2026/10/09 14:33:43.511, 4, 16, 52, 1800, 9501, 146.64, 18, 23362, 0x0000000000000000
2026/10/09 14:33:44.511, 4, 16, 53, 1950, 9501, 153.94, 57, 23362, 0x0000000000000000
2026/10/09 14:33:45.511, 4, 16, 53, 1950, 9501, 195.52, 0, 23362, 0x0000000000000000
2026/10/09 14:33:46.511, 4, 16, 54, 1950, 9501, 178.43, 24, 23362, 0x0000000000000000
2026/10/09 14:33:47.512, 4, 16, 54, 1950, 9501, 192.30, 62, 23362, 0x0000000000000000
2026/10/09 14:33:48.512, 4, 16, 53, 1950, 9501, 191.35, 39, 23362, 0x0000000000000000
2026/10/09 14:33:49.512, 4, 16, 54, 1950, 9501, 190.59, 25, 23362, 0x0000000000000000
2026/10/09 14:33:50.512, 4, 16, 55, 1950, 9501, 213.96, 0, 23362, 0x0000000000000004
2026/10/09 14:33:51.513, 4, 16, 55, 1950, 9501, 169.64, 44, 23368, 0x0000000000000000
2026/10/09 14:33:52.513, 4, 16, 55, 1950, 9501, 196.14, 61, 23368, 0x0000000000000000
2026/10/09 14:33:53.513, 4, 16, 54, 1950, 9501, 196.59, 0, 23372, 0x0000000000000000
2026/10/09 14:33:54.513, 4, 16, 55, 1950, 9501, 195.26, 45, 23372, 0x0000000000000000
2026/10/09 14:33:55.514, 4, 16, 55, 1950, 9501, 215.06, 0, 23372, 0x0000000000000000
2026/10/09 14:33:56.514, 4, 16, 56, 1950, 9501, 180.15, 44, 23378, 0x0000000000000000
2026/10/09 14:33:57.514, 4, 16, 59, 1935, 9501, 231.41, 43, 23378, 0x0000000000000004
2026/10/09 14:33:58.514, 4, 16, 56, 1950, 9501, 178.53, 56, 23382, 0x0000000000000000
2026/10/09 14:33:59.515, 4, 16, 57, 1950, 9501, 210.70, 63, 23382, 0x0000000000000000
2026/10/09 14:34:00.515, 4, 16, 56, 1950, 9501, 199.08, 57, 23388, 0x0000000000000000
2026/10/09 14:34:01.515, 4, 16, 57, 1950, 9501, 207.09, 62, 23388, 0x0000000000000000
2026/10/09 14:34:02.515, 4, 16, 59, 1950, 9501, 243.72, 41, 23390, 0x0000000000000000
2026/10/09 14:34:03.516, 4, 16, 59, 1950, 9501, 240.67, 41, 23390, 0x0000000000000000
2026/10/09 14:34:04.516, 4, 16, 59, 1950, 9501, 242.16, 41, 23390, 0x0000000000000000
2026/10/09 14:34:05.516, 4, 16, 59, 1950, 9501, 242.59, 41, 23390, 0x0000000000000000
2026/10/09 14:34:06.516, 4, 16, 59, 1950, 9501, 239.45, 41, 23390, 0x0000000000000000
2026/10/09 14:34:07.516, 4, 16, 59, 1950, 9501, 241.13, 41, 23390, 0x0000000000000000
2026/10/09 14:34:08.517, 4, 16, 60, 1950, 9501, 241.01, 37, 23390, 0x0000000000000000
2026/10/09 14:34:09.517, 4, 16, 60, 1950, 9501, 240.29, 40, 23390, 0x0000000000000000
2026/10/09 14:34:10.517, 4, 16, 60, 1950, 9501, 240.76, 41, 23390, 0x0000000000000000
2026/10/09 14:34:11.517, 4, 16, 60, 1950, 9501, 240.37, 39, 23390, 0x0000000000000000
2026/10/09 14:34:12.518, 4, 16, 61, 1950, 9501, 240.73, 40, 23390, 0x0000000000000000
2026/10/09 14:34:13.518, 4, 16, 61, 1950, 9501, 243.34, 41, 23390, 0x0000000000000000
2026/10/09 14:34:14.518, 4, 16, 61, 1950, 9501, 241.93, 37, 340, 0x0000000000000000
2026/10/09 14:34:15.518, 4, 16, 59, 1950, 9751, 179.35, 8, 7, 0x0000000000000000
