10:53:08,11, 12631
10:53:09,10, 12632
10:53:10,1, 12632
10:53:11,1, 12631
10:53:12,1, 12631
10:53:13,1, 12631
10:53:14,1, 12631
10:53:15,1, 12631
10:53:16,1, 12631
10:53:17,1, 12631
10:53:19,2, 12631
10:53:20,1, 12631
10:53:21,1, 12631
10:53:22,2, 12632
10:53:23,1, 12632
10:53:24,1, 12631
10:53:25,2, 12631
10:53:26,1, 12632
10:53:27,1, 12632
10:53:28,2, 12632
10:53:29,1, 12631
10:53:30,71, 12631
10:53:31,72, 12631
10:53:32,70, 12631
10:53:33,69, 12631
10:53:34,70, 12631
10:53:35,74, 12631
10:53:36,71, 12631
10:53:37,71, 12631
10:53:38,34, 12631
10:53:39,72, 12632
10:53:40,71, 12632
10:53:41,69, 12631
10:53:42,71, 12631
10:53:43,48, 12631
10:53:44,72, 12637
10:53:45,71, 12642
10:53:46,71, 12663
10:53:47,69, 12663
10:53:48,71, 12661
10:53:49,71, 12660
10:53:50,70, 12648
10:53:51,71, 12631
10:53:53,72, 12630
10:53:54,71, 12631
10:53:55,72, 12630
10:53:56,70, 12630
10:53:57,71, 12630
10:53:58,69, 12632
10:53:59,71, 12632
10:54:00,70, 12639
10:54:01,61, 12638
10:54:02,71, 12636
10:54:03,70, 12635
10:54:04,71, 12634
10:54:05,69, 12625
10:54:06,67, 12625
10:54:07,71, 12625
10:54:08,71, 12625
10:54:09,69, 12625
10:54:10,69, 12625
10:54:11,71, 12625
10:54:12,70, 12625
10:54:13,75, 12625
10:54:14,72, 12625
10:54:15,72, 12625
10:54:16,71, 12625
10:54:17,17, 12625
10:54:18,2, 12625
10:54:19,1, 12625
10:54:20,1, 12625
10:54:21,1, 12625
10:54:22,1, 12625
10:54:23,1, 12625
10:54:24,71, 12625
10:54:25,65, 12625
10:54:26,71, 12625
10:54:27,70, 12625
10:54:28,73, 12625
10:54:29,70, 12626
10:54:31,69, 12625
10:54:32,71, 12625
10:54:33,71, 12625
10:54:34,72, 12625
10:54:35,67, 12625
10:54:36,70, 12625
10:54:37,70, 12625
10:54:38,74, 12625
10:54:39,67, 12628
10:54:40,71, 12627
10:54:41,70, 12627
10:54:42,71, 12627
10:54:43,63, 12627
10:54:44,70, 12627
10:54:45,71, 12627
10:54:46,72, 12627
10:54:47,1, 12625
10:54:48,1, 12624
10:54:49,1, 12616
10:54:50,1, 12616
10:54:51,1, 12616
10:54:52,1, 12616
10:54:53,1, 12616
10:54:54,1, 12616
10:54:55,1, 12616
10:54:56,1, 12617
10:54:57,1, 12616
10:54:58,1, 12616
10:54:59,2, 12625
10:55:01,1, 12625
10:55:02,2, 12625
10:55:03,1, 12625
10:55:04,1, 12625
10:55:05,4, 12625
10:55:06,4, 12625
10:55:07,8, 12637
10:55:08,10, 12637
10:55:09,10, 12637
10:55:10,8, 12619
10:55:11,8, 12619
10:55:12,9, 12619
10:55:13,9, 12619
10:55:14,11, 12619
10:55:15,10, 12619
10:55:16,9, 12619
10:55:17,11, 12619
10:55:18,11, 12619
10:55:20,11, 12619
10:55:21,11, 12619
10:55:22,11, 12619
10:55:23,9, 12619
10:55:24,71, 12619
10:55:25,69, 12619
10:55:26,71, 12619
10:55:27,71, 12619
10:55:28,52, 12619
10:55:29,71, 12619
10:55:30,74, 12620
10:55:31,72, 12620
10:55:32,72, 12619
10:55:33,71, 12619
10:55:34,64, 12619
10:55:35,69, 12619
10:55:36,70, 12619
10:55:37,70, 12619
10:55:38,62, 12619
10:55:39,72, 12619
10:55:40,72, 12619
10:55:41,71, 12619
10:55:42,71, 12619
10:55:43,72, 12619
10:55:44,69, 12619
10:55:45,70, 12619
10:55:46,65, 12619
10:55:47,70, 12619
10:55:48,68, 12619
10:55:49,70, 12619
10:55:50,70, 12619
10:55:51,71, 12619
10:55:52,73, 12619
10:55:53,64, 12619
10:55:55,71, 12619
10:55:56,72, 12619
10:55:57,72, 12619
10:55:58,71, 12619
10:55:59,71, 12619
10:56:00,71, 12438
10:56:01,71, 12438
10:56:02,71, 12437
10:56:03,71, 12437
10:56:04,71, 12437
10:56:05,70, 12437
10:56:06,73, 12437
10:56:07,71, 12449
10:56:08,73, 12449
10:56:09,72, 12449
10:56:10,70, 12449
10:56:11,1, 12437
10:56:12,1, 12437
10:56:13,1, 12437
10:56:14,1, 12437
10:56:15,1, 12437
10:56:16,71, 12437
10:56:17,72, 12437
10:56:18,64, 12437
10:56:19,68, 12437
10:56:20,69, 12437
10:56:21,71, 12437
10:56:22,71, 12437
10:56:23,71, 12437
10:56:24,71, 12437
10:56:25,68, 12437
10:56:26,70, 12437
10:56:27,75, 12437
10:56:28,72, 12437
10:56:29,71, 12438
10:56:30,71, 12438
10:56:32,73, 12437
10:56:33,70, 12437
10:56:34,72, 12437
10:56:35,70, 12453
10:56:36,70, 12462
10:56:37,70, 12461
10:56:38,65, 12470
10:56:39,68, 12472
10:56:40,72, 12475
10:56:41,1, 12477
10:56:42,0, 12585
10:56:43,1, 12554
10:56:44,0, 12545
10:56:45,1, 12530
10:56:46,1, 12524
10:56:47,1, 12518
10:56:48,1, 12518
10:56:49,1, 12518
10:56:50,1, 12518
10:56:51,1, 12518
10:56:52,2, 12518
10:56:53,1, 12522
10:56:54,1, 12514
10:56:55,2, 12512
10:56:57,2, 12512
10:56:58,9, 12512
10:56:59,13, 12505
10:57:00,7, 12505
10:57:01,7, 12505
10:57:02,7, 12505
10:57:03,6, 12505
10:57:04,6, 12505
10:57:05,7, 12505
10:57:06,6, 12505
10:57:07,12, 12505
10:57:08,7, 12505
10:57:09,7, 12505
10:57:10,8, 12505
10:57:11,0, 12505
10:57:12,0, 12505
10:57:13,1, 12505
10:57:14,5, 12505
10:57:15,72, 12582
10:57:16,71, 12591
10:57:17,71, 12588
10:57:18,70, 12589
10:57:19,72, 12586
10:57:20,71, 12573
10:57:21,71, 12561
10:57:23,71, 12549
10:57:24,71, 12521
10:57:25,62, 12521
10:57:26,72, 12530
10:57:27,76, 12564
10:57:28,70, 12556
10:57:29,72, 12555
10:57:30,70, 12556
10:57:31,72, 12554
10:57:32,62, 12492
10:57:33,71, 12492
10:57:34,71, 12492
10:57:35,72, 12492
10:57:36,71, 12492
10:57:37,71, 12492
10:57:38,71, 12506
10:57:39,43, 12498
10:57:40,69, 12498
10:57:41,68, 12497
10:57:42,68, 12497
10:57:43,71, 12506
10:57:44,72, 12582
10:57:45,70, 12559
10:57:46,70, 12557
10:57:47,73, 12549
10:57:48,70, 12555
10:57:49,72, 12509
10:57:50,71, 12511
10:57:51,71, 12524
10:57:52,69, 12529
10:57:53,70, 12523
10:57:54,69, 12531
10:57:55,72, 12546
10:57:56,67, 12556
10:57:57,71, 12549
10:57:58,72, 12551
10:57:59,71, 12543
10:58:00,70, 12548
10:58:01,70, 12548
10:58:03,1, 12547
10:58:04,0, 12547
10:58:05,0, 12546
10:58:06,1, 12528
10:58:07,2, 12538
10:58:08,1, 12541
10:58:09,70, 12541
10:58:10,70, 12548
10:58:11,73, 12547
10:58:12,70, 12534
10:58:13,70, 12534
10:58:14,69, 12544
10:58:15,70, 12532
10:58:16,73, 12637
10:58:17,67, 12659
10:58:18,72, 12639
10:58:19,73, 12609
10:58:20,73, 12544
10:58:21,75, 12544
10:58:22,71, 12536
10:58:23,69, 12523
10:58:24,62, 12508
10:58:25,71, 12547
10:58:26,69, 12545
10:58:27,71, 12546
10:58:28,71, 12544
10:58:29,71, 12560
10:58:30,70, 12559
10:58:31,68, 12547
10:58:32,2, 12539
10:58:33,2, 12533
10:58:34,1, 12533
10:58:35,2, 12533
10:58:36,1, 12533
10:58:38,2, 12547
10:58:39,2, 12548
10:58:40,1, 12547
10:58:41,4, 12557
10:58:42,1, 12555
10:58:43,1, 12553
10:58:44,1, 12543
10:58:45,1, 12543
10:58:46,1, 12527
10:58:47,1, 12532
10:58:48,2, 12531
10:58:49,13, 12532
10:58:50,11, 12531
10:58:51,12, 12531
10:58:52,12, 12537
10:58:53,14, 12543
10:58:54,10, 12547
10:58:55,10, 12545
10:58:56,11, 12545
10:58:57,12, 12558
10:58:58,14, 12557
10:59:00,13, 12556
10:59:01,11, 12555
10:59:02,0, 12555
10:59:03,12, 12545
10:59:04,14, 12545
10:59:05,11, 12545
10:59:06,9, 12545
10:59:07,9, 12545
10:59:08,12, 12545
10:59:09,11, 12545
10:59:10,9, 12545
10:59:11,14, 12545
10:59:12,8, 12537
10:59:13,9, 12537
10:59:14,8, 12538
10:59:15,6, 12538
10:59:16,10, 12540
10:59:17,17, 12552
10:59:19,1, 12552
10:59:20,1, 12561
10:59:21,18, 12561
10:59:22,9, 12669
10:59:23,3, 12666
10:59:24,2, 12657
10:59:25,1, 12653
10:59:26,14, 12642
10:59:27,39, 12689
10:59:28,1, 12652
10:59:29,11, 12691
10:59:30,1, 12690
10:59:31,2, 12662
10:59:32,12, 12643
10:59:33,2, 12664
10:59:34,16, 12639
10:59:35,6, 12628
10:59:36,4, 12631
10:59:37,5, 12615
10:59:38,10, 12592
10:59:39,4, 12587
10:59:40,3, 12709
10:59:42,12, 12692
10:59:43,1, 12692
10:59:44,13, 12697
10:59:45,14, 12701
10:59:46,4, 12677
10:59:47,16, 12668
10:59:48,4, 12652
10:59:49,4, 12635
10:59:50,4, 12635
10:59:51,1, 12629
10:59:52,0, 12601
10:59:53,3, 12591
10:59:54,3, 12591
10:59:55,4, 12591
10:59:56,6, 12585
10:59:57,5, 12585
10:59:58,5, 12583
10:59:59,6, 12583
11:00:00,5, 12583
11:00:01,3, 12573
11:00:02,1, 12573
11:00:04,2, 12573
11:00:05,4, 12561
11:00:06,3, 12561
11:00:07,2, 12561
11:00:08,5, 12561
11:00:09,5, 12561
11:00:10,4, 12561
11:00:11,4, 12561
11:00:12,6, 12561
11:00:13,3, 12561
11:00:14,3, 12561
11:00:15,5, 12561
11:00:16,5, 12561
11:00:17,5, 12561
11:00:18,3, 12561
11:00:19,8, 12562
11:00:20,5, 12562
11:00:21,4, 12561
11:00:22,3, 12561
11:00:23,5, 12561
11:00:24,5, 12562
11:00:26,4, 12561
11:00:27,5, 12561
11:00:28,3, 12561
11:00:29,3, 12561
11:00:30,4, 12561
11:00:31,3, 12561
11:00:32,3, 12561
11:00:33,5, 12561
11:00:34,3, 12561
11:00:35,3, 12561
11:00:36,6, 12561
11:00:37,3, 12561
11:00:38,4, 12561
11:00:39,3, 12561
11:00:40,3, 12561
11:00:41,4, 12561
11:00:42,3, 12561
11:00:43,4, 12561
11:00:44,4, 12557
11:00:45,3, 12557
11:00:46,4, 12553
11:00:47,3, 12553
11:00:48,4, 12553
11:00:50,4, 12553
11:00:51,4, 12553
11:00:52,4, 12553
11:00:53,3, 12553
11:00:54,4, 12553
11:00:55,3, 12553
11:00:56,4, 12553
11:00:57,4, 12553
11:00:58,4, 12553
11:00:59,4, 12549
11:01:00,4, 12548
11:01:01,4, 12548
11:01:02,4, 12548
11:01:03,4, 12548
11:01:04,3, 12548
11:01:05,3, 12548
11:01:06,3, 12548
11:01:07,4, 12548
11:01:08,4, 12548
11:01:09,4, 12548
11:01:11,4, 12548
11:01:12,4, 12548
11:01:13,4, 12548
11:01:14,3, 12548
11:01:15,4, 12548
11:01:16,4, 12548
11:01:17,3, 12548
11:01:18,4, 12548
11:01:19,4, 12548
11:01:20,4, 12548
11:01:21,3, 12548
11:01:22,4, 12548
11:01:23,4, 12548
11:01:24,3, 12548
11:01:25,4, 12548
11:01:26,4, 12548
11:01:27,3, 12548
11:01:28,4, 12548
11:01:29,4, 12548
11:01:30,4, 12548
11:01:32,4, 12548
11:01:33,4, 12548
11:01:34,3, 12548
11:01:35,3, 12548
11:01:36,4, 12548
11:01:37,3, 12548
11:01:38,4, 12548
11:01:39,2, 12548
11:01:40,3, 12548
11:01:41,3, 12548
11:01:42,3, 12548
11:01:43,3, 12548
11:01:44,3, 12548
11:01:45,3, 12548
11:01:46,4, 12548
11:01:47,3, 12548
11:01:48,4, 12548
11:01:49,4, 12548
11:01:50,3, 12548
11:01:51,4, 12548
11:01:52,3, 12548
11:01:53,4, 12548
11:01:55,4, 12548
11:01:56,4, 12548
11:01:57,4, 12548
11:01:58,4, 12548
11:01:59,4, 12548
11:02:00,4, 12548
11:02:01,4, 12548
11:02:02,4, 12548
11:02:03,3, 12548
11:02:04,4, 12548
11:02:05,3, 12548
11:02:06,4, 12548
11:02:07,4, 12548
11:02:08,3, 12548
11:02:09,5, 12548
11:02:10,4, 12548
11:02:11,3, 12548
11:02:12,5, 12548
11:02:13,4, 12548
11:02:15,3, 12548
11:02:16,5, 12548
11:02:17,3, 12548
11:02:18,4, 12548
11:02:19,5, 12548
11:02:20,3, 12548
11:02:21,3, 12548
11:02:22,6, 12548
11:02:23,4, 12548
11:02:24,3, 12548
11:02:25,5, 12548
11:02:26,3, 12548
11:02:27,4, 12548
11:02:28,4, 12548
11:02:29,4, 12548
11:02:30,21, 12549
11:02:31,3, 12549
11:02:32,3, 12549
11:02:33,4, 12549
11:02:34,3, 12549
11:02:35,2, 12548
11:02:36,2, 12548
11:02:37,3, 12548
11:02:38,3, 12550
11:02:40,3, 12548
11:02:41,4, 12548
11:02:42,3, 12548
11:02:43,4, 12548
11:02:44,3, 12548
11:02:45,3, 12548
11:02:46,4, 12548
11:02:47,3, 12548
11:02:48,3, 12548
11:02:49,3, 12548
11:02:50,3, 12548
11:02:51,3, 12548
11:02:52,3, 12548
11:02:53,3, 12548
11:02:54,3, 12548
11:02:55,3, 12548
11:02:56,4, 12548
11:02:57,3, 12548
11:02:58,4, 12548
11:02:59,4, 12548
11:03:00,3, 12548
11:03:02,9, 12549
11:03:03,4, 12548
11:03:04,5, 12548
11:03:05,3, 12548
11:03:06,3, 12548
11:03:07,4, 12549
11:03:08,3, 12548
11:03:09,3, 12548
11:03:10,4, 12548
11:03:11,3, 12548
11:03:12,3, 12548
11:03:13,4, 12548
11:03:14,3, 12548
11:03:15,4, 12548
11:03:16,6, 12565
11:03:17,3, 12571
11:03:18,13, 12577
11:03:19,15, 12640
11:03:20,10, 12670
11:03:21,27, 12920
11:03:22,10, 12821
11:03:24,10, 12802
11:03:25,14, 12726
11:03:26,23, 12779
11:03:27,17, 12661
11:03:28,25, 12649
11:03:29,17, 12672
11:03:30,0, 12653
11:03:31,1, 12654
11:03:32,31, 12695
11:03:33,5, 12667
11:03:34,1, 12733
11:03:35,0, 12718
11:03:36,14, 12710
11:03:37,1, 12709
11:03:38,0, 12691
11:03:39,2, 12680
11:03:40,12, 12663
11:03:41,0, 12655
11:03:42,1, 12660
11:03:43,12, 12652
11:03:44,0, 12692
11:03:45,1, 12679
11:03:46,0, 12676
11:03:48,11, 12673
11:03:49,1, 12664
11:03:50,17, 12657
11:03:51,3, 12648
11:03:52,0, 12646
11:03:53,3, 12619
11:03:54,3, 12612
11:03:55,2, 12608
11:03:56,2, 12598
11:03:57,2, 12598
11:03:58,0, 12598
11:03:59,2, 12598
11:04:00,0, 12598
11:04:01,1, 12598
11:04:02,1, 12598
11:04:03,1, 12587
11:04:04,1, 12587
11:04:05,1, 12586
11:04:06,1, 12586
11:04:07,2, 12586
11:04:09,3, 12586
11:04:10,1, 12586
11:04:11,1, 12586
11:04:12,1, 12586
11:04:13,2, 12586
11:04:14,1, 12586
11:04:15,1, 12598
11:04:16,1, 12598
11:04:17,20, 12615
11:04:18,11, 12613
11:04:19,17, 12728
11:04:20,20, 12652
11:04:21,21, 12649
11:04:22,1, 12709
11:04:23,17, 12779
11:04:24,36, 12999
11:04:25,20, 12961
11:04:26,22, 12918
11:04:27,18, 12839
11:04:28,15, 12837
11:04:30,17, 12736
11:04:31,16, 12722
11:04:32,16, 12721
11:04:33,17, 12717
11:04:34,11, 12716
11:04:35,14, 12685
11:04:36,22, 12673
11:04:37,17, 12672
11:04:38,17, 12668
11:04:39,17, 12642
11:04:40,13, 12630
11:04:41,11, 12624
11:04:42,11, 12616
11:04:43,12, 12616
11:04:44,15, 12660
11:04:45,15, 12655
11:04:46,15, 12654
11:04:47,0, 12757
11:04:48,6, 12771
11:04:49,0, 12768
11:04:51,1, 12755
11:04:52,0, 12746
11:04:53,11, 12741
11:04:54,0, 12732
11:04:55,9, 12711
11:04:56,0, 12704
11:04:57,1, 12704
11:04:58,0, 12733
11:04:59,3, 12725
11:05:00,3, 12710
11:05:01,3, 12703
11:05:02,3, 12686
11:05:03,4, 12675
11:05:04,8, 12675
11:05:05,3, 12665
11:05:06,4, 12656
11:05:07,3, 12656
11:05:08,4, 12640
11:05:09,3, 12640
11:05:10,3, 12640
11:05:12,3, 12652
11:05:13,3, 12652
11:05:14,7, 12653
11:05:15,10, 12631
11:05:16,5, 12612
11:05:17,6, 12674
11:05:18,0, 12678
11:05:19,0, 12675
11:05:20,1, 12673
11:05:21,0, 12673
11:05:22,0, 12646
11:05:23,1, 12622
11:05:24,0, 12622
11:05:25,1, 12622
11:05:26,0, 12622
11:05:27,0, 12628
11:05:28,4, 12718
11:05:29,0, 12718
11:05:30,0, 12702
11:05:31,11, 12688
11:05:33,43, 12735
11:05:34,0, 12702
11:05:35,4, 12736
11:05:36,6, 12757
11:05:37,0, 12752
11:05:38,9, 12718
11:05:39,0, 12804
11:05:40,11, 12762
11:05:41,0, 12755
11:05:42,0, 12754
11:05:43,0, 12754
11:05:44,5, 12796
11:05:45,31, 12684
11:05:46,11, 12670
11:05:47,2, 12675
11:05:48,13, 12654
11:05:49,10, 12645
11:05:50,0, 12644
11:05:51,0, 12644
11:05:52,0, 12644
11:05:54,4, 12614
11:05:55,11, 12608
11:05:56,9, 12653
11:05:57,6, 12641
11:05:58,1, 12634
11:05:59,0, 12617
11:06:00,5, 12493
11:06:01,5, 12546
11:06:02,6, 12569
11:06:03,2, 12566
11:06:04,10, 12562
11:06:05,16, 12560
11:06:06,9, 12543
11:06:07,18, 12547
11:06:08,0, 12543
11:06:09,0, 12537
11:06:10,5, 12487
11:06:11,8, 12501
11:06:12,7, 12565
11:06:13,1, 12562
11:06:14,0, 12557
11:06:15,0, 12536
11:06:16,1, 12536
11:06:18,4, 12645
11:06:19,13, 12629
11:06:20,7, 12572
11:06:21,0, 12577
11:06:22,0, 12572
11:06:23,1, 12572
11:06:24,0, 12568
11:06:25,16, 12562
11:06:26,1, 12633
11:06:27,10, 12587
11:06:28,16, 12574
11:06:29,14, 12573
11:06:30,11, 12574
11:06:31,10, 12573
11:06:32,10, 12573
11:06:33,10, 12570
11:06:34,11, 12569
11:06:35,13, 12581
11:06:36,13, 12564
11:06:37,15, 12551
11:06:38,13, 12547
11:06:40,12, 12547
11:06:41,12, 12547
11:06:42,11, 12546
11:06:43,11, 12546
11:06:44,12, 12546
11:06:45,11, 12546
11:06:46,19, 12559
11:06:47,17, 12558
11:06:48,13, 12558
11:06:49,15, 12552
11:06:50,18, 12552
11:06:51,13, 12552
11:06:52,10, 12552
11:06:53,13, 12552
11:06:54,10, 12552
11:06:55,12, 12553
11:06:56,10, 12553
11:06:57,10, 12552
11:06:58,12, 12552
11:06:59,10, 12552
11:07:01,10, 12552
11:07:02,13, 12552
11:07:03,12, 12552
11:07:04,11, 12552
11:07:05,12, 12552
11:07:06,10, 12565
11:07:07,12, 12564
11:07:08,12, 12553
11:07:09,12, 12553
11:07:10,12, 12553
11:07:11,10, 12553
11:07:12,12, 12553
11:07:13,8, 12552
11:07:15,11, 12552
11:07:16,11, 12553
11:07:17,11, 12552
11:07:18,11, 12552
11:07:19,11, 12552
11:07:20,11, 12553
11:07:21,15, 12549
11:07:22,11, 12549
11:07:23,11, 12549
11:07:24,10, 12549
11:07:25,9, 12549
11:07:26,13, 12550
11:07:27,14, 12545
11:07:28,14, 12545
11:07:29,13, 12545
11:07:30,32, 12547
11:07:32,9, 12547
11:07:33,9, 12541
11:07:34,10, 12541
11:07:35,12, 12541
11:07:36,10, 12541
11:07:37,13, 12540
11:07:38,17, 12545
11:07:39,13, 12545
11:07:40,12, 12545
11:07:41,12, 12545
11:07:42,7, 12545
11:07:43,12, 12544
11:07:44,10, 12544
11:07:45,11, 12544
11:07:46,14, 12545
11:07:47,14, 12545
11:07:48,13, 12544
11:07:50,16, 12544
11:07:51,14, 12544
11:07:52,10, 12544
11:07:53,13, 12544
11:07:54,10, 12544
11:07:55,10, 12544
11:07:56,15, 12545
11:07:57,15, 12545
11:07:58,14, 12544
11:07:59,15, 12544
11:08:00,15, 12544
11:08:01,11, 12544
11:08:02,11, 12544
11:08:03,10, 12544
11:08:04,12, 12544
11:08:05,11, 12545
11:08:07,17, 12545
11:08:08,10, 12546
11:08:09,11, 12545
11:08:10,11, 12545
11:08:11,11, 12545
11:08:12,11, 12545
11:08:13,11, 12545
11:08:14,11, 12545
11:08:15,11, 12545
11:08:16,11, 12545
11:08:17,10, 12545
11:08:18,10, 12545
11:08:19,10, 12545
11:08:20,13, 12545
11:08:21,11, 12545
11:08:23,11, 12545
11:08:24,11, 12545
11:08:25,11, 12545
11:08:26,11, 12545
11:08:27,11, 12545
11:08:28,13, 12550
11:08:29,14, 12549
11:08:30,16, 12549
11:08:31,14, 12549
11:08:32,13, 12559
11:08:33,12, 12558
11:08:34,9, 12557
11:08:35,9, 12563
11:08:36,18, 12589
11:08:37,18, 12601
11:08:38,18, 12605
11:08:39,18, 12604
11:08:40,19, 12593
11:08:41,17, 12562
11:08:42,12, 12562
11:08:44,10, 12563
11:08:45,16, 12563
11:08:46,17, 12562
11:08:47,18, 12558
11:08:48,19, 12558
11:08:49,11, 12557
11:08:50,11, 12562
11:08:51,19, 12562
11:08:52,19, 12562
11:08:53,19, 12562
11:08:54,22, 12562
11:08:55,22, 12561
11:08:56,20, 12561
11:08:57,18, 12562
11:08:58,17, 12561
11:08:59,19, 12561
11:09:00,19, 12561
11:09:01,19, 12561
11:09:02,16, 12562
11:09:03,12, 12562
11:09:04,18, 12562
11:09:05,19, 12562
11:09:07,22, 12562
11:09:08,20, 12562
11:09:09,20, 12562
11:09:10,19, 12561
11:09:11,18, 12561
11:09:12,18, 12561
11:09:13,18, 12561
11:09:14,18, 12561
11:09:15,16, 12562
11:09:16,10, 12560
11:09:17,11, 12560
11:09:18,13, 12563
11:09:19,18, 12562
11:09:20,18, 12562
11:09:21,17, 12562
11:09:22,16, 12562
11:09:23,19, 12562
11:09:24,18, 12562
11:09:25,20, 12562
11:09:26,14, 12563
11:09:28,14, 12563
11:09:29,11, 12563
11:09:30,20, 12562
11:09:31,20, 12562
11:09:32,19, 12562
11:09:33,10, 12563
11:09:34,20, 12562
11:09:35,21, 12562
11:09:36,19, 12562
11:09:37,11, 12560
11:09:38,12, 12560
11:09:39,10, 12561
11:09:40,10, 12560
11:09:41,11, 12548
11:09:42,11, 12548
11:09:43,12, 12548
11:09:44,10, 12548
11:09:45,10, 12548
11:09:46,12, 12548
11:09:47,16, 12548
11:09:49,11, 12548
11:09:50,11, 12548
11:09:51,11, 12548
11:09:52,11, 12548
11:09:53,14, 12549
11:09:54,12, 12549
11:09:55,12, 12549
11:09:56,12, 12549
11:09:57,12, 12549
11:09:58,11, 12554
11:09:59,12, 12553
11:10:00,16, 12553
11:10:01,13, 12553
11:10:02,11, 12553
11:10:03,11, 12553
11:10:04,10, 12553
11:10:05,17, 12563
11:10:06,17, 12567
11:10:08,17, 12567
11:10:09,17, 12567
11:10:10,12, 12559
11:10:11,13, 12559
11:10:12,12, 12554
11:10:13,14, 12553
11:10:14,12, 12553
11:10:15,11, 12545
11:10:16,12, 12545
11:10:17,10, 12545
11:10:18,12, 12545
11:10:19,14, 12545
11:10:20,16, 12545
11:10:21,14, 12545
11:10:22,13, 12545
11:10:23,11, 12545
11:10:24,11, 12545
11:10:26,13, 12545
11:10:27,13, 12545
11:10:28,12, 12545
11:10:29,10, 12546
11:10:30,12, 12545
11:10:31,10, 12545
11:10:32,11, 12545
11:10:33,12, 12545
11:10:34,10, 12545
11:10:35,10, 12545
11:10:36,12, 12545
11:10:37,10, 12545
11:10:38,10, 12545
11:10:39,14, 12545
11:10:40,13, 12545
11:10:41,14, 12545
11:10:42,16, 12545
11:10:44,10, 12545
11:10:45,12, 12545
11:10:46,11, 12545
11:10:47,11, 12545
11:10:48,11, 12545
11:10:49,9, 12545
11:10:50,10, 12545
11:10:51,12, 12545
11:10:52,10, 12545
11:10:53,8, 12545
11:10:54,9, 12545
11:10:55,9, 12545
11:10:56,10, 12545
11:10:57,12, 12545
11:10:58,13, 12546
11:10:59,15, 12509
11:11:00,13, 12509
11:11:02,13, 12509
11:11:03,15, 12509
11:11:04,10, 12509
11:11:05,10, 12509
11:11:06,12, 12510
11:11:07,11, 12510
11:11:08,10, 12510
11:11:09,12, 12522
11:11:10,10, 12522
11:11:11,9, 12522
11:11:12,13, 12522
11:11:13,11, 12522
11:11:14,11, 12522
11:11:15,15, 12540
11:11:16,16, 12524
11:11:18,26, 12530
11:11:19,18, 12537
11:11:20,22, 12586
11:11:21,20, 12585
11:11:22,21, 12591
11:11:23,17, 12603
11:11:24,19, 12607
11:11:25,17, 12595
11:11:26,18, 12600
11:11:27,5, 12600
11:11:28,0, 12575
11:11:29,11, 12574
11:11:30,1, 12677
11:11:31,0, 12659
11:11:32,2, 12656
11:11:33,1, 12719
11:11:34,12, 12696
11:11:35,13, 12715
11:11:36,20, 12688
11:11:37,19, 12670
11:11:38,21, 12619
11:11:39,3, 12694
11:11:41,0, 12663
11:11:42,11, 12631
11:11:43,0, 12629
11:11:44,9, 12626
11:11:45,1, 12615
11:11:46,3, 12622
11:11:47,3, 12610
11:11:48,5, 12602
11:11:49,3, 12575
11:11:50,10, 12564
11:11:51,5, 12564
11:11:52,4, 12563
11:11:53,3, 12562
11:11:54,15, 12618
11:11:55,11, 12945
11:11:56,2, 12877
11:11:57,15, 12808
11:11:58,11, 12734
11:11:59,21, 12704
11:12:00,14, 12693
11:12:01,15, 12573
11:12:03,14, 12587
11:12:04,11, 12585
11:12:05,6, 12582
11:12:06,6, 12583
11:12:07,7, 12578
11:12:08,8, 12570
11:12:09,10, 12569
11:12:10,13, 12571
11:12:11,12, 12567
11:12:12,8, 12564
11:12:13,17, 12576
11:12:14,18, 12576
11:12:15,16, 12574
11:12:16,16, 12574
11:12:17,15, 12566
11:12:18,12, 12567
11:12:19,12, 12566
11:12:20,11, 12565
11:12:22,11, 12565
11:12:23,10, 12565
11:12:24,12, 12557
11:12:25,9, 12557
11:12:26,17, 12567
11:12:27,16, 12566
11:12:28,15, 12566
11:12:29,12, 12567
11:12:30,10, 12558
11:12:31,28, 12562
11:12:32,8, 12564
11:12:33,18, 12562
11:12:34,15, 12570
11:12:35,15, 12575
11:12:36,11, 12570
11:12:37,10, 12568
11:12:38,13, 12568
11:12:39,11, 12568
11:12:40,11, 12555
11:12:41,12, 12551
11:12:42,13, 12547
11:12:43,9, 12543
11:12:45,8, 12543
11:12:46,10, 12543
11:12:47,10, 12553
11:12:48,14, 12554
11:12:49,14, 12553
11:12:50,14, 12552
11:12:51,14, 12544
11:12:52,14, 12549
11:12:53,12, 12550
11:12:54,10, 12550
11:12:55,16, 12542
11:12:56,14, 12542
11:12:57,13, 12542
11:12:58,13, 12541
11:12:59,15, 12540
11:13:00,17, 12540
11:13:01,16, 12542
11:13:02,16, 12541
11:13:03,16, 12541
11:13:04,16, 12541
11:13:06,16, 12541
11:13:07,17, 12540
11:13:08,15, 12552
11:13:09,14, 12540
11:13:10,13, 12540
11:13:11,13, 12540
11:13:12,14, 12540
11:13:13,15, 12552
11:13:14,15, 12540
11:13:15,15, 12540
11:13:16,16, 12540
11:13:17,19, 12542
11:13:18,16, 12542
11:13:19,16, 12541
11:13:20,15, 12546
11:13:21,16, 12546
11:13:22,19, 12544
11:13:23,16, 12541
11:13:24,18, 12541
11:13:25,18, 12536
11:13:27,17, 12541
11:13:28,16, 12542
11:13:29,15, 12542
11:13:30,15, 12541
11:13:31,16, 12540
11:13:32,15, 12536
11:13:33,16, 12536
11:13:34,17, 12544
11:13:35,14, 12549
11:13:36,8, 12549
11:13:37,8, 12547
11:13:38,8, 12549
11:13:39,11, 12549
11:13:40,12, 12536
11:13:41,8, 12534
11:13:42,11, 12548
11:13:43,16, 12553
11:13:44,26, 12557
11:13:45,11, 12555
11:13:46,13, 12556
11:13:47,18, 12555
11:13:48,18, 12546
11:13:50,16, 12546
11:13:51,15, 12546
11:13:52,15, 12555
11:13:53,18, 12570
11:13:54,20, 12581
11:13:55,14, 12582
11:13:56,15, 12577
11:13:57,15, 12560
11:13:58,15, 12559
11:13:59,15, 12561
11:14:00,16, 12553
11:14:01,17, 12551
11:14:02,15, 12553
11:14:03,10, 12533
11:14:04,11, 12543
11:14:05,11, 12543
11:14:06,9, 12537
11:14:07,9, 12525
11:14:08,11, 12526
11:14:10,9, 12525
11:14:11,9, 12525
11:14:12,10, 12525
11:14:13,12, 12525
11:14:14,13, 12526
11:14:15,11, 12539
11:14:16,19, 12545
11:14:17,16, 12545
11:14:18,23, 12545
11:14:19,18, 12573
11:14:20,18, 12577
11:14:21,16, 12577
11:14:22,21, 12630
11:14:23,15, 12614
11:14:24,19, 12609
11:14:25,20, 12609
11:14:26,20, 12605
11:14:27,18, 12597
11:14:29,15, 12585
11:14:30,20, 12591
11:14:31,17, 12603
11:14:32,29, 12603
11:14:33,17, 12603
11:14:34,24, 12591
11:14:35,16, 12604
11:14:36,16, 12596
11:14:37,17, 12606
11:14:38,20, 12606
11:14:39,17, 12618
11:14:40,18, 12604
11:14:41,17, 12594
11:14:42,9, 12559
11:14:43,10, 12554
11:14:44,9, 12554
11:14:45,13, 12544
11:14:46,14, 12536
11:14:47,12, 12536
11:14:48,12, 12536
11:14:49,14, 12532
11:14:50,9, 12533
11:14:52,10, 12533
11:14:53,11, 12532
11:14:54,11, 12532
11:14:55,13, 12532
11:14:56,12, 12533
11:14:57,12, 12532
11:14:58,15, 12532
11:14:59,14, 12532
11:15:00,13, 12532
11:15:01,14, 12532
11:15:02,12, 12532
11:15:03,12, 12532
11:15:04,14, 12532
11:15:05,12, 12533
11:15:06,12, 12546
11:15:07,14, 12546
11:15:08,14, 12560
11:15:09,14, 12564
11:15:10,19, 12583
11:15:11,17, 12580
11:15:12,14, 12580
11:15:14,14, 12585
11:15:15,15, 12593
11:15:16,21, 12621
11:15:17,19, 12627
11:15:18,18, 12625
11:15:19,24, 12625
11:15:20,17, 12625
11:15:21,16, 12589
11:15:22,20, 12589
11:15:23,21, 12590
11:15:24,18, 12590
11:15:25,20, 12591
11:15:26,17, 12604
11:15:27,19, 12590
11:15:28,26, 12584
11:15:29,16, 12576
11:15:30,24, 12572
11:15:31,24, 12582
11:15:32,18, 12573
11:15:33,18, 12572
11:15:34,20, 12572
11:15:35,17, 12573
11:15:37,18, 12566
11:15:38,19, 12562
11:15:39,16, 12552
11:15:40,18, 12575
11:15:41,15, 12562
11:15:42,14, 12581
11:15:43,16, 12633
11:15:44,14, 12633
11:15:45,16, 12634
11:15:46,17, 12632
11:15:47,16, 12614
11:15:48,16, 12592
11:15:49,18, 12596
11:15:50,18, 12591
11:15:51,17, 12593
11:15:52,20, 12599
11:15:53,15, 12599
11:15:54,14, 12599
11:15:55,15, 12598
11:15:56,15, 12595
11:15:58,22, 12626
11:15:59,19, 12632
11:16:00,17, 12542
11:16:01,17, 12557
11:16:02,15, 12556
11:16:03,15, 12550
11:16:04,17, 12550
11:16:05,16, 12514
11:16:06,15, 12557
11:16:07,15, 12563
11:16:08,13, 12575
11:16:09,15, 12573
11:16:10,16, 12559
11:16:11,16, 12557
11:16:12,17, 12537
11:16:13,16, 12507
11:16:14,16, 12507
11:16:15,17, 12508
11:16:16,18, 12508
11:16:17,17, 12508
11:16:19,17, 12497
11:16:20,15, 12513
11:16:21,17, 12520
11:16:22,16, 12518
11:16:23,17, 12517
11:16:24,11, 12480
11:16:25,8, 12474
11:16:26,21, 12486
11:16:27,19, 12516
11:16:28,18, 12516
11:16:29,19, 12521
11:16:30,19, 12533
11:16:31,20, 12516
11:16:32,18, 12517
11:16:33,14, 12523
11:16:34,14, 12515
11:16:35,17, 12499
11:16:36,18, 12504
11:16:37,19, 12510
11:16:38,17, 12511
11:16:39,18, 12510
11:16:40,19, 12507
11:16:42,19, 12505
11:16:43,19, 12491
11:16:44,19, 12504
11:16:45,15, 12509
11:16:46,16, 12513
11:16:47,19, 12513
11:16:48,18, 12507
11:16:49,15, 12506
11:16:50,15, 12505
11:16:51,15, 12502
11:16:52,19, 12516
11:16:53,8, 12519
11:16:54,11, 12517
11:16:55,8, 12519
11:16:56,14, 12538
11:16:57,14, 12509
11:16:58,12, 12508
11:16:59,10, 12521
11:17:00,18, 12519
11:17:01,0, 12628
11:17:02,41, 12627
11:17:03,0, 12598
11:17:05,18, 12581
11:17:06,9, 12556
11:17:07,12, 12525
11:17:08,11, 12511
11:17:09,5, 12551
11:17:10,0, 12540
11:17:11,12, 12521
11:17:12,9, 12527
11:17:13,0, 12527
11:17:14,0, 12455
11:17:15,0, 12515
11:17:16,0, 12494
11:17:17,3, 12493
11:17:18,0, 12477
11:17:19,0, 12466
11:17:20,7, 12462
11:17:21,2, 12461
11:17:22,0, 12459
11:17:23,0, 12454
11:17:24,0, 12459
11:17:25,0, 12543
11:17:27,0, 12534
11:17:28,0, 12529
11:17:29,12, 12522
11:17:30,3, 12552
11:17:31,19, 12521
11:17:32,16, 12517
11:17:33,10, 12496
11:17:34,5, 12482
11:17:35,13, 12550
11:17:36,15, 12550
11:17:37,21, 12552
11:17:38,14, 12705
11:17:39,0, 13008
11:17:40,14, 12821
11:17:41,15, 12767
11:17:42,25, 12770
11:17:43,7, 12775
11:17:44,19, 12692
11:17:45,16, 12698
11:17:46,17, 12686
11:17:47,12, 12686
11:17:48,15, 12664
11:17:50,10, 12677
11:17:51,9, 12654
11:17:52,10, 12611
11:17:53,17, 12621
11:17:54,30, 12632
11:17:55,6, 12637
11:17:56,6, 12621
11:17:57,6, 12604
11:17:58,9, 12578
11:17:59,11, 12552
11:18:00,18, 12576
11:18:01,10, 12575
11:18:02,11, 12572
11:18:03,11, 12572
11:18:04,13, 12568
11:18:05,16, 12613
11:18:06,13, 12612
11:18:08,11, 12611
11:18:09,10, 12606
11:18:10,12, 12667
11:18:11,29, 12670
11:18:12,19, 12671
11:18:13,18, 12675
11:18:14,13, 12657
11:18:15,20, 12635
11:18:16,9, 12633
11:18:17,16, 12629
11:18:18,12, 12626
11:18:19,10, 12626
11:18:20,10, 12620
11:18:21,11, 12620
11:18:22,14, 12588
11:18:23,17, 12590
11:18:24,10, 12590
11:18:25,10, 12588
11:18:27,15, 12589
11:18:28,10, 12589
11:18:29,13, 12590
11:18:30,9, 12589
11:18:31,11, 12584
11:18:32,15, 12594
11:18:33,15, 12577
11:18:34,4, 12594
11:18:35,16, 12593
11:18:36,36, 12796
11:18:37,0, 12766
11:18:38,1, 12763
11:18:39,0, 12775
11:18:40,18, 12767
11:18:41,9, 12746
11:18:42,0, 12746
11:18:43,0, 12732
11:18:44,1, 12729
11:18:45,0, 12730
11:18:46,18, 12706
11:18:47,7, 12704
11:18:48,5, 12708
11:18:49,0, 12707
11:18:50,2, 12702
11:18:52,0, 12696
11:18:53,2, 12696
11:18:54,0, 12689
11:18:55,0, 12689
11:18:56,1, 12689
11:18:57,0, 12689
11:18:58,0, 12689
11:18:59,1, 12689
11:19:00,0, 12689
11:19:01,1, 12689
11:19:02,1, 12689
11:19:03,0, 12689
11:19:04,0, 12689
11:19:05,1, 12689
11:19:06,0, 12689
11:19:07,0, 12689
11:19:08,1, 12689
11:19:09,0, 12689
11:19:10,0, 12689
11:19:11,1, 12689
11:19:13,0, 12689
11:19:14,1, 12689
11:19:15,10, 12700
11:19:16,0, 12700
11:19:17,0, 12698
11:19:18,0, 12698
11:19:19,89, 12703
11:19:20,0, 12690
11:19:21,5, 12708
11:19:22,0, 12708
11:19:23,0, 12717
11:19:24,0, 12717
11:19:25,5, 12715
11:19:26,1, 12715
11:19:27,27, 12723
11:19:28,1, 12723
11:19:29,2, 12718
11:19:30,1, 12727
11:19:31,0, 12727
11:19:32,2, 12726
11:19:33,1, 12726
11:19:35,1, 12726
11:19:36,1, 12702
11:19:37,1, 12702
11:19:38,3, 12703
11:19:39,1, 12704
11:19:40,3, 12703
11:19:41,3, 12703
11:19:42,1, 12703
11:19:43,1, 12703
11:19:44,6, 12703
11:19:45,1, 12703
11:19:46,1, 12703
11:19:47,1, 12703
11:19:48,6, 12703
11:19:49,1, 12703
11:19:50,1, 12740
11:19:51,0, 12704
11:19:52,0, 12740
11:19:53,2, 12704
11:19:54,0, 12704
11:19:55,1, 12704
11:19:56,6, 12704
11:19:58,1, 12704
11:19:59,3, 12704
11:20:00,1, 12704
11:20:01,98, 12704
11:20:02,0, 12704
11:20:03,0, 12704
11:20:04,0, 12704
11:20:05,34, 12704
11:20:06,0, 12704
11:20:07,0, 12704
11:20:08,0, 12704
11:20:09,0, 12704
11:20:10,0, 12704
11:20:11,1, 12704
11:20:12,0, 12704
11:20:13,0, 12704
11:20:14,0, 12704
11:20:15,0, 12704
11:20:16,5, 12704
11:20:17,0, 12704
11:20:18,0, 12704
11:20:19,0, 12704
11:20:20,0, 12704
11:20:22,0, 12704
11:20:23,1, 12704
11:20:24,0, 12704
11:20:25,1, 12704
11:20:26,0, 12704
11:20:27,0, 12704
11:20:28,1, 12704
11:20:29,1, 12704
11:20:30,1, 12704
11:20:31,1, 12704
11:20:32,1, 12704
11:20:33,1, 12704
11:20:34,1, 12704
11:20:35,1, 12704
11:20:36,1, 12704
11:20:37,1, 12704
11:20:38,1, 12704
11:20:39,1, 12704
11:20:40,1, 12704
11:20:41,1, 12704
11:20:42,1, 12704
11:20:43,6, 12704
11:20:44,0, 12704
11:20:46,0, 12704
11:20:47,0, 12704
11:20:48,1, 12704
11:20:49,0, 12704
11:20:50,0, 12704
11:20:51,1, 12704
11:20:52,0, 12704
11:20:53,0, 12704
11:20:54,0, 12704
11:20:55,0, 12704
11:20:56,0, 12704
11:20:57,0, 12704
11:20:58,0, 12704
11:20:59,0, 12704
11:21:00,1, 12704
11:21:01,1, 12704
11:21:02,0, 12704
11:21:03,7, 12704
11:21:04,0, 12578
11:21:05,0, 12578
11:21:06,0, 12624
11:21:07,0, 12632
11:21:09,0, 12622
11:21:10,2, 12585
11:21:11,0, 12585
11:21:12,0, 12614
11:21:13,7, 12674
11:21:14,0, 12660
11:21:15,0, 12660
11:21:16,36, 12820
11:21:17,2, 12851
11:21:18,8, 12808
11:21:19,13, 12806
11:21:20,14, 12792
11:21:21,9, 12788
11:21:22,20, 12809
11:21:23,1, 12801
11:21:24,27, 12802
11:21:25,0, 12777
11:21:26,7, 12776
11:21:27,2, 12757
11:21:28,16, 12770
11:21:29,4, 12777
11:21:31,14, 12795
11:21:32,11, 12788
11:21:33,2, 12805
11:21:34,0, 12788
11:21:35,0, 12797
11:21:36,13, 12750
11:21:37,5, 12753
11:21:38,7, 12769
11:21:39,11, 12769
11:21:40,0, 12778
11:21:41,0, 12776
11:21:42,4, 12770
11:21:43,8, 12769
11:21:44,0, 12768
11:21:45,7, 12754
11:21:46,0, 12754
11:21:47,1, 12754
11:21:48,1, 12754
11:21:49,21, 12796
11:21:50,0, 12795
11:21:51,1, 12793
11:21:52,0, 12778
11:21:53,0, 12777
11:21:54,1, 12755
11:21:55,0, 12735
11:21:57,0, 12735
11:21:58,1, 12735
11:21:59,0, 12735
11:22:00,2, 12735
11:22:01,1, 12735
11:22:02,0, 12735
11:22:03,1, 12735
11:22:04,0, 12735
11:22:05,0, 12741
11:22:06,1, 12756
11:22:07,0, 12749
11:22:08,0, 12749
11:22:09,1, 12747
11:22:10,0, 12747
11:22:11,0, 12739
11:22:12,1, 12735
11:22:13,0, 12735
11:22:14,0, 12735
11:22:15,0, 12735
11:22:16,0, 12735
11:22:17,0, 12735
11:22:18,0, 12735
11:22:20,7, 12747
11:22:21,9, 12752
11:22:22,10, 12760
11:22:23,0, 12756
11:22:24,11, 12760
11:22:25,0, 12755
11:22:26,8, 12756
11:22:27,2, 12742
11:22:28,20, 12753
11:22:29,0, 12819
11:22:30,0, 12817
11:22:31,1, 12815
11:22:32,0, 12809
11:22:33,0, 12765
11:22:34,8, 12773
11:22:35,10, 12788
11:22:36,12, 12787
11:22:37,8, 12798
11:22:38,0, 12797
11:22:39,0, 12790
11:22:41,0, 12785
11:22:42,0, 12786
11:22:43,0, 12786
11:22:44,0, 12774
11:22:45,5, 12774
11:22:46,0, 12774
11:22:47,0, 12761
11:22:48,0, 12761
11:22:49,0, 12761
11:22:50,0, 12761
11:22:51,0, 12753
11:22:52,0, 12753
11:22:53,1, 12774
11:22:54,0, 12774
11:22:55,0, 12773
11:22:56,0, 12774
11:22:57,0, 12774
11:22:58,0, 12758
11:22:59,1, 12758
11:23:00,1, 12812
11:23:01,7, 12867
11:23:02,1, 12863
11:23:04,8, 12861
11:23:05,1, 12830
11:23:06,2, 12828
11:23:07,0, 12769
11:23:08,1, 12769
11:23:09,0, 12768
11:23:10,0, 12768
11:23:11,0, 12768
11:23:12,0, 12768
11:23:13,0, 12768
11:23:14,0, 12768
11:23:15,0, 12768
11:23:16,0, 12768
11:23:17,0, 12768
11:23:18,0, 12768
11:23:19,0, 12768
11:23:20,0, 12768
11:23:21,0, 12772
11:23:22,0, 12788
11:23:23,2, 12788
11:23:25,1, 12806
11:23:26,1, 12804
11:23:27,1, 12804
11:23:28,1, 12790
11:23:29,1, 12790
11:23:30,1, 12770
11:23:31,1, 12770
11:23:32,1, 12770
11:23:33,1, 12770
11:23:34,1, 12770
11:23:35,1, 12783
11:23:36,2, 12783
11:23:37,1, 12783
11:23:38,1, 12783
11:23:39,1, 12782
11:23:40,2, 12782
11:23:41,1, 12778
11:23:42,1, 12778
11:23:43,2, 12778
11:23:44,2, 12778
11:23:45,1, 12778
11:23:46,2, 12778
11:23:47,1, 12778
11:23:48,2, 12778
11:23:50,2, 12778
11:23:51,1, 12778
11:23:52,2, 12778
11:23:53,1, 12815
11:23:54,1, 12820
11:23:55,3, 12820
11:23:56,1, 12819
11:23:57,1, 12818
11:23:58,3, 12814
11:23:59,2, 12806
11:24:00,2, 12806
11:24:01,2, 12792
11:24:02,1, 12792
11:24:03,2, 12788
11:24:04,1, 12788
11:24:05,1, 12788
11:24:06,2, 12788
11:24:07,1, 12788
11:24:08,2, 12789
11:24:09,2, 12788
11:24:10,1, 12788
11:24:12,2, 12788
11:24:13,1, 12788
11:24:14,1, 12788
11:24:15,1, 12788
11:24:16,1, 12788
11:24:17,1, 12788
11:24:18,2, 12788
11:24:19,1, 12788
11:24:20,3, 12788
11:24:21,1, 12788
11:24:22,1, 12788
11:24:23,2, 12788
11:24:24,1, 12788
11:24:25,1, 12788
11:24:26,2, 12788
11:24:27,2, 12788
11:24:28,1, 12788
11:24:29,2, 12788
11:24:30,2, 12788
11:24:32,2, 12788
11:24:33,1, 12788
11:24:34,1, 12788
11:24:35,1, 12788
11:24:36,1, 12788
11:24:37,1, 12788
11:24:38,0, 12788
11:24:39,0, 12788
11:24:40,8, 12834
11:24:41,2, 12834
11:24:42,0, 12833
11:24:43,1, 12832
11:24:44,2, 12832
11:24:45,1, 12812
11:24:46,3, 12804
11:24:47,0, 12804
11:24:48,0, 12804
11:24:49,1, 12804
11:24:50,0, 12804
11:24:51,2, 12804
11:24:52,1, 12796
11:24:53,2, 12818
11:24:54,0, 12817
11:24:56,3, 12816
11:24:57,0, 12816
11:24:58,1, 12816
11:24:59,0, 12796
11:25:00,3, 12796
11:25:01,1, 12796
11:25:02,0, 12796
11:25:03,1, 12796
11:25:04,1, 12796
11:25:05,0, 12784
11:25:06,1, 12784
11:25:07,1, 12784
11:25:08,4, 12797
11:25:09,2, 12797
11:25:10,3, 12796
11:25:11,2, 12796
11:25:12,0, 12796
11:25:13,1, 12796
11:25:14,0, 12796
11:25:15,1, 12796
11:25:17,2, 12796
11:25:18,2, 12796
11:25:19,0, 12832
11:25:20,0, 12831
11:25:21,0, 12830
11:25:22,3, 12830
11:25:23,0, 12830
11:25:24,0, 12800
11:25:25,3, 12800
11:25:26,1, 12800
11:25:27,0, 12800
11:25:28,1, 12800
11:25:29,0, 12800
11:25:30,0, 12800
11:25:31,0, 12800
11:25:32,0, 12800
11:25:33,0, 12800
11:25:34,2, 12800
11:25:35,0, 12800
11:25:36,0, 12800
11:25:37,1, 12800
11:25:38,0, 12802
11:25:39,0, 12845
11:25:40,0, 12843
11:25:42,0, 12842
11:25:43,2, 12842
11:25:44,2, 12842
11:25:45,0, 12822
11:25:46,1, 12822
11:25:47,0, 12822
11:25:48,0, 12812
11:25:49,1, 12796
11:25:50,0, 12814
11:25:51,0, 12814
11:25:52,0, 12813
11:25:53,0, 12812
11:25:54,1, 12804
11:25:55,0, 12804
11:25:56,3, 12804
11:25:57,0, 12839
11:25:58,0, 12839
11:25:59,2, 12838
11:26:00,2, 12916
11:26:01,0, 12922
11:26:02,2, 12889
11:26:04,1, 12883
11:26:05,0, 12841
11:26:06,1, 12833
11:26:07,2, 12760
11:26:08,0, 12759
11:26:09,0, 12759
11:26:10,2, 12759
11:26:11,0, 12759
11:26:12,0, 12763
11:26:13,0, 12763
11:26:14,0, 12763
11:26:15,0, 12763
11:26:16,2, 12763
11:26:17,0, 12763
11:26:18,1, 12764
11:26:19,2, 12763
11:26:20,3, 12763
11:26:21,0, 12759
11:26:22,2, 12759
11:26:23,0, 12760
11:26:24,0, 12759
11:26:25,9, 12791
11:26:26,0, 12791
11:26:27,0, 12788
11:26:28,2, 12787
11:26:29,0, 12787
11:26:30,0, 12769
11:26:31,2, 12769
11:26:32,0, 12769
11:26:33,0, 12769
11:26:35,1, 12769
11:26:36,0, 12777
11:26:37,0, 12778
11:26:38,0, 12777
11:26:39,0, 12777
11:26:40,1, 12777
11:26:41,0, 12773
11:26:42,0, 12776
11:26:43,2, 12772
11:26:44,19, 12771
11:26:45,3, 12781
11:26:46,2, 12779
11:26:47,0, 12779
11:26:48,0, 12779
11:26:49,1, 12778
11:26:50,0, 12762
11:26:51,0, 12762
11:26:52,1, 12762
11:26:53,0, 12767
11:26:54,0, 12802
11:26:55,13, 12828
11:26:56,0, 12825
11:26:57,3, 12798
11:26:58,0, 12803
11:26:59,1, 12803
11:27:01,1, 12737
11:27:02,1, 12733
11:27:03,1, 12733
11:27:04,2, 12738
11:27:05,8, 12743
11:27:06,20, 12804
11:27:07,0, 12800
11:27:08,1, 12796
11:27:09,0, 12773
11:27:10,1, 12772
11:27:11,1, 12777
11:27:12,12, 12783
11:27:13,0, 12759
11:27:14,1, 12750
11:27:15,0, 12749
11:27:16,0, 12765
11:27:17,11, 12755
11:27:18,0, 12751
11:27:19,0, 12755
11:27:20,2, 12755
11:27:21,1, 12750
11:27:22,9, 12701
11:27:23,8, 12756
11:27:25,14, 12831
11:27:26,1, 12822
11:27:27,1, 12816
11:27:28,1, 12815
11:27:29,13, 12806
11:27:30,0, 12783
11:27:31,0, 12782
11:27:32,0, 12781
11:27:33,38, 13788
11:27:34,0, 14195
11:27:35,0, 14211
11:27:36,0, 14202
11:27:37,15, 14192
11:27:38,0, 13421
11:27:39,19, 13247
11:27:40,0, 13105
11:27:41,17, 13069
11:27:42,31, 13055
11:27:43,0, 13055
11:27:44,0, 13057
11:27:45,14, 13049
11:27:46,0, 13055
11:27:47,0, 13047
11:27:49,0, 13047
11:27:50,0, 13039
11:27:51,0, 12977
11:27:52,1, 12959
11:27:53,0, 12959
11:27:54,0, 12974
11:27:55,0, 12974
11:27:56,1, 12952
11:27:57,0, 12952
11:27:58,0, 12952
11:27:59,2, 12946
11:28:00,2, 12946
11:28:01,1, 12946
11:28:02,2, 12946
11:28:03,2, 12946
11:28:04,1, 12946
11:28:05,2, 12946
11:28:06,1, 12946
11:28:07,1, 12946
11:28:08,2, 12946
11:28:09,1, 12946
11:28:10,1, 12946
11:28:11,3, 12946
11:28:12,1, 12946
11:28:13,1, 12946
11:28:15,1, 12946
11:28:16,1, 12946
11:28:17,1, 12946
11:28:18,1, 12946
11:28:19,1, 12946
11:28:20,2, 12946
11:28:21,1, 12946
11:28:22,3, 12946
11:28:23,2, 12946
11:28:24,1, 12946
11:28:25,1, 12946
11:28:26,2, 12946
11:28:27,1, 12946
11:28:28,1, 12946
11:28:29,2, 12946
11:28:30,1, 12946
11:28:31,1, 12946
11:28:32,100, 4696
11:28:33,0, 4432
11:28:34,0, 4432
11:28:35,1, 4432
11:28:36,0, 4432
11:28:37,0, 4432
11:28:38,1, 4434
11:28:40,0, 4434
11:28:41,0, 4433
11:28:42,1, 4433
11:28:43,1, 4433
11:28:44,0, 4433
11:28:45,2, 4433
11:28:46,0, 4433
11:28:47,0, 4433
11:28:48,0, 4433
11:28:49,2, 4433
11:28:50,2, 4433
11:28:51,2, 4433
11:28:52,0, 4433
11:28:53,1, 4433
11:28:54,0, 4433
11:28:55,0, 4433
11:28:56,0, 4433
11:28:57,0, 4433
11:28:58,0, 4433
11:28:59,2, 4433
11:29:00,2, 4433
11:29:01,2, 4433
11:29:03,0, 4433
11:29:04,0, 4433
11:29:05,1, 4433
11:29:06,0, 4433
11:29:07,0, 4433
11:29:08,2, 4433
11:29:09,1, 4433
11:29:10,0, 4433
11:29:11,0, 4433
11:29:12,0, 4433
11:29:13,1, 4433
11:29:14,25, 4433
11:29:15,3, 4433
11:29:16,7, 4433
11:29:17,0, 4440
11:29:18,0, 4440
11:29:19,1, 4439
11:29:20,3, 4454
11:29:21,8, 4458
11:29:22,0, 4446
11:29:23,0, 4451
11:29:25,31, 4428
11:29:26,0, 4428
11:29:27,21, 4404
11:29:28,0, 4404
11:29:29,25, 4396
11:29:30,17, 4414
11:29:31,13, 4422
11:29:32,0, 4410
11:29:33,26, 4453
11:29:34,11, 4470
11:29:35,12, 4460
11:29:36,10, 4459
11:29:37,0, 4459
11:29:38,0, 4423
11:29:39,0, 4415
11:29:40,0, 4415
11:29:41,0, 4385
11:29:42,0, 4385
11:29:43,0, 4385
11:29:44,0, 4385
11:29:45,0, 4385
11:29:46,0, 4385
11:29:47,0, 4385
11:29:48,0, 4385
11:29:50,0, 4385
11:29:51,0, 4385
11:29:52,0, 4385
11:29:53,0, 4385
11:29:54,0, 4389
11:29:55,0, 4389
11:29:56,0, 4389
11:29:57,6, 4407
11:29:58,12, 4408
11:29:59,0, 4419
11:30:00,2, 4419
11:30:01,13, 4420
11:30:02,7, 4363
11:30:03,14, 4344
11:30:04,13, 4318
11:30:05,0, 4316
11:30:06,1, 4302
11:30:07,8, 4304
11:30:08,8, 4304
11:30:09,14, 4304
11:30:10,15, 4303
11:30:11,2, 4303
11:30:12,1, 4336
11:30:13,0, 4345
11:30:15,22, 4242
11:30:16,6, 4427
11:30:17,14, 4433
11:30:18,7, 4392
11:30:19,12, 4369
11:30:20,2, 4368
11:30:21,6, 4338
11:30:22,7, 4333
11:30:23,20, 4308
11:30:24,15, 4525
11:30:25,0, 4391
11:30:26,1, 4388
11:30:27,1, 4388
11:30:28,0, 4388
11:30:29,0, 4381
11:30:30,1, 4404
11:30:31,0, 4404
11:30:32,0, 4388
11:30:33,1, 4387
11:30:34,0, 4387
11:30:35,0, 4315
11:30:36,1, 4315
11:30:37,0, 4315
11:30:38,0, 4318
11:30:39,1, 4318
11:30:41,0, 4317
11:30:42,0, 4317
11:30:43,1, 4317
11:30:44,0, 4317
11:30:45,0, 4317
11:30:46,1, 4317
11:30:47,0, 4317
11:30:48,1, 4317
11:30:49,0, 4317
11:30:50,0, 4324
11:30:51,1, 4323
11:30:52,0, 4323
11:30:53,0, 4323
11:30:54,1, 4323
11:30:55,0, 4330
11:30:56,0, 4329
11:30:57,1, 4329
11:30:58,0, 4329
11:30:59,0, 4330
11:31:00,14, 4298
11:31:01,6, 4374
11:31:02,16, 4402
11:31:03,1, 4407
11:31:04,0, 4179
11:31:06,0, 4178
11:31:07,1, 4172
11:31:08,0, 4110
11:31:09,0, 4110
11:31:10,0, 4110
11:31:11,0, 4110
11:31:12,1, 4110
11:31:13,13, 4156
11:31:14,0, 4156
11:31:15,14, 4142
11:31:16,0, 4148
11:31:17,0, 4148
11:31:18,1, 4146
11:31:19,0, 4146
11:31:20,0, 4147
11:31:21,1, 4147
11:31:22,0, 4146
11:31:23,12, 4146
11:31:24,15, 4146
11:31:25,5, 4147
11:31:26,0, 4146
11:31:27,1, 4155
11:31:28,7, 4156
11:31:29,0, 4156
11:31:31,1, 4154
11:31:32,4, 4165
11:31:33,11, 4165
11:31:34,7, 4165
11:31:35,0, 4163
11:31:36,1, 4163
11:31:37,2, 4231
11:31:38,14, 4216
11:31:39,1, 4212
11:31:40,3, 4211
11:31:41,6, 4213
11:31:42,5, 4146
11:31:43,13, 4180
11:31:44,0, 4239
11:31:45,1, 4217
11:31:46,16, 4204
11:31:47,12, 4201
11:31:48,1, 4195
11:31:49,0, 4180
11:31:50,0, 4173
11:31:52,3, 4174
11:31:53,15, 4173
11:31:54,4, 4188
11:31:55,1, 4175
11:31:56,10, 4172
11:31:57,1, 4164
11:31:58,1, 4160
11:31:59,1, 4154
11:32:00,2, 4172
11:32:01,1, 4184
11:32:02,5, 4194
11:32:03,1, 4190
11:32:04,1, 4190
11:32:05,1, 4190
11:32:06,1, 4190
11:32:07,1, 4131
11:32:08,1, 4131
11:32:09,1, 4181
11:32:11,1, 4182
11:32:12,1, 4176
11:32:13,1, 4175
11:32:14,1, 4184
11:32:15,9, 4197
11:32:16,7, 4216
11:32:17,7, 4213
11:32:18,1, 4225
11:32:19,1, 4225
11:32:20,1, 4224
11:32:21,1, 4228
11:32:22,1, 4228
11:32:23,4, 4213
11:32:24,1, 4175
11:32:25,1, 4175
11:32:26,1, 4175
11:32:27,1, 4175
11:32:28,10, 4142
11:32:29,9, 4173
11:32:30,20, 4172
11:32:31,0, 4171
11:32:33,11, 4196
11:32:34,0, 4170
11:32:35,0, 4154
11:32:36,0, 4153
11:32:37,5, 4146
11:32:38,3, 4144
11:32:39,18, 4133
11:32:40,18, 4160
11:32:41,16, 4159
11:32:42,13, 4172
11:32:43,0, 4170
11:32:44,6, 4162
11:32:45,4, 4183
11:32:46,0, 4158
11:32:47,0, 4156
11:32:48,0, 4157
11:32:49,8, 4144
11:32:50,11, 4117
11:32:51,8, 4256
11:32:53,24, 4165
11:32:54,18, 4172
11:32:55,0, 4192
11:32:56,10, 4190
11:32:57,0, 4169
11:32:58,6, 4151
11:32:59,6, 4263
11:33:00,4, 4240
11:33:01,0, 4218
11:33:02,0, 4212
11:33:03,0, 4212
11:33:04,0, 4206
11:33:05,0, 4145
11:33:06,0, 4146
11:33:07,0, 4150
11:33:08,0, 4147
11:33:09,0, 4147
11:33:10,0, 4222
11:33:11,0, 4221
11:33:12,12, 4218
11:33:14,6, 4438
11:33:15,0, 4431
11:33:16,0, 4390
11:33:17,0, 4390
11:33:18,0, 4390
11:33:19,1, 4214
11:33:20,0, 4214
11:33:21,0, 4214
11:33:22,1, 4214
11:33:23,0, 4214
11:33:24,0, 4214
11:33:25,1, 4214
11:33:26,0, 4214
11:33:27,16, 4213
11:33:28,1, 4213
11:33:29,0, 4210
11:33:30,0, 4205
11:33:31,33, 4218
11:33:32,12, 4252
11:33:33,3, 4229
11:33:34,1, 4212
11:33:35,0, 4212
11:33:36,16, 4229
11:33:38,1, 4221
11:33:39,0, 4224
11:33:40,7, 4223
11:33:41,0, 4222
11:33:42,0, 4212
11:33:43,1, 4212
11:33:44,0, 4218
11:33:45,0, 4178
11:33:46,1, 4178
11:33:47,0, 4178
11:33:48,0, 4174
11:33:49,1, 4162
11:33:50,0, 4162
11:33:51,0, 4162
11:33:52,1, 4162
11:33:53,0, 4162
11:33:54,0, 4241
11:33:55,16, 4227
11:33:56,13, 4227
11:33:57,3, 4226
11:33:59,5, 4226
11:34:00,0, 4234
11:34:01,10, 4227
11:34:02,0, 4265
11:34:03,0, 4265
11:34:04,1, 4371
11:34:05,0, 4326
11:34:06,3, 4290
11:34:07,16, 4291
11:34:08,0, 4290
11:34:09,0, 4184
11:34:10,1, 4184
11:34:11,0, 4184
11:34:12,0, 4180
11:34:13,0, 4180
11:34:14,8, 4188
11:34:15,0, 4350
11:34:16,1, 4329
11:34:17,3, 4311
11:34:18,0, 4310
11:34:19,1, 4262
11:34:20,17, 4215
11:34:22,0, 4212
11:34:23,1, 4217
11:34:24,0, 4212
11:34:25,0, 4212
11:34:26,1, 4204
11:34:27,0, 4240
11:34:28,1, 4231
11:34:29,0, 4228
11:34:30,0, 4227
11:34:31,8, 4219
11:34:32,14, 4205
11:34:33,0, 4203
11:34:34,1, 4204
11:34:35,0, 4206
11:34:36,0, 4201
11:34:37,1, 4201
11:34:38,3, 4202
11:34:39,2, 4213
11:34:40,1, 4211
11:34:41,0, 4197
11:34:42,0, 4167
11:34:44,1, 4167
11:34:45,13, 4162
11:34:46,21, 4230
11:34:47,1, 4220
11:34:48,0, 4220
11:34:49,1, 4220
11:34:50,1, 4201
11:34:51,0, 4194
11:34:52,1, 4194
11:34:53,0, 4194
11:34:54,0, 4194
11:34:55,1, 4199
11:34:56,0, 4194
11:34:57,0, 4194
11:34:58,1, 4194
11:34:59,0, 4194
11:35:00,1, 4194
11:35:01,1, 4194
11:35:02,0, 4194
11:35:03,0, 4194
11:35:04,1, 4194
11:35:05,0, 4194
11:35:07,0, 4194
11:35:08,1, 4194
11:35:09,0, 4194
11:35:10,0, 4194
11:35:11,0, 4194
11:35:12,0, 4194
11:35:13,0, 4194
11:35:14,16, 4187
11:35:15,0, 4171
11:35:16,0, 4165
11:35:17,0, 4165
11:35:18,0, 4165
11:35:19,1, 4158
11:35:20,0, 4158
11:35:21,0, 4158
11:35:22,0, 4158
11:35:23,0, 4158
11:35:24,0, 4158
11:35:25,0, 4158
11:35:26,0, 4158
11:35:27,0, 4158
11:35:28,0, 4158
11:35:29,0, 4158
11:35:30,0, 4158
11:35:31,0, 4158
11:35:33,0, 4158
11:35:34,0, 4158
11:35:35,0, 4158
11:35:36,0, 4158
11:35:37,0, 4158
11:35:38,0, 4158
11:35:39,0, 4158
11:35:40,0, 4158
11:35:41,0, 4158
11:35:42,0, 4158
11:35:43,0, 4158
11:35:44,0, 4158
11:35:45,0, 4158
11:35:46,1, 4158
11:35:47,1, 4158
11:35:48,1, 4158
11:35:49,1, 4158
11:35:50,1, 4158
11:35:51,1, 4158
11:35:52,1, 4158
11:35:53,1, 4158
11:35:54,1, 4158
11:35:55,1, 4158
11:35:56,1, 4158
11:35:58,1, 4158
11:35:59,1, 4158
11:36:00,1, 4158
11:36:01,2, 4158
11:36:02,1, 4158
11:36:03,1, 4158
11:36:04,1, 4158
11:36:05,1, 4158
11:36:06,1, 4158
11:36:07,1, 4158
11:36:08,1, 4158
11:36:09,1, 4158
11:36:10,1, 4158
11:36:11,1, 4158
11:36:12,1, 4158
11:36:13,1, 4158
11:36:14,1, 4158
11:36:15,1, 4158
11:36:16,1, 4158
11:36:17,1, 4158
11:36:18,1, 4158
11:36:19,1, 4158
11:36:21,1, 4158
11:36:22,1, 4147
11:36:23,1, 4147
11:36:24,1, 4147
11:36:25,1, 4147
11:36:26,2, 4147
11:36:27,1, 4147
11:36:28,0, 4147
11:36:29,1, 4147
11:36:30,0, 4147
11:36:31,0, 4147
11:36:32,1, 4146
11:36:33,0, 4146
11:36:34,0, 4146
11:36:35,1, 4146
11:36:36,0, 4146
11:36:37,0, 4146
11:36:38,1, 4148
11:36:39,0, 4148
11:36:40,0, 4148
11:36:41,1, 4148
11:36:42,0, 4148
11:36:43,0, 4148
11:36:45,1, 4148
11:36:46,0, 4148
11:36:47,0, 4148
11:36:48,1, 4148
11:36:49,0, 4148
11:36:50,1, 4148
11:36:51,0, 4148
11:36:52,0, 4148
11:36:53,1, 4148
11:36:54,0, 4148
11:36:55,0, 4148
11:36:56,1, 4148
11:36:57,0, 4148
11:36:58,0, 4148
11:36:59,1, 4148
11:37:00,2, 4148
11:37:01,0, 4148
11:37:02,1, 4154
11:37:03,23, 4165
11:37:04,0, 4159
11:37:06,5, 4165
11:37:07,0, 4165
11:37:08,18, 4165
11:37:09,25, 4337
11:37:10,18, 4287
11:37:11,18, 4261
11:37:12,0, 4232
11:37:13,0, 4206
11:37:14,1, 4192
11:37:15,0, 4185
11:37:16,11, 4209
11:37:17,1, 4202
11:37:18,4, 4181
11:37:19,0, 4173
11:37:20,31, 4182
11:37:21,18, 4202
11:37:22,12, 4198
11:37:23,0, 4164
11:37:24,0, 4153
11:37:26,0, 4137
11:37:27,13, 4139
11:37:28,4, 4139
11:37:29,0, 4158
11:37:30,0, 4158
11:37:31,0, 4158
11:37:32,0, 4149
11:37:33,2, 4219
11:37:34,0, 4375
11:37:35,0, 4360
11:37:36,0, 4349
11:37:37,0, 4256
11:37:38,0, 4251
11:37:39,0, 4350
11:37:40,9, 4245
11:37:41,10, 4222
11:37:42,15, 4170
11:37:43,0, 4175
11:37:44,0, 4177
11:37:45,0, 4183
11:37:46,12, 4200
11:37:47,11, 4201
11:37:49,15, 4186
11:37:50,15, 4186
11:37:51,3, 4186
11:37:52,14, 4188
11:37:53,6, 4186
11:37:54,4, 4186
11:37:55,0, 4184
11:37:56,0, 4183
11:37:57,0, 4183
11:37:58,0, 4153
11:37:59,0, 4140
11:38:00,1, 4140
11:38:01,0, 4140
11:38:02,5, 4156
11:38:03,0, 4156
11:38:04,0, 4156
11:38:05,3, 4156
11:38:06,0, 4156
11:38:07,0, 4163
11:38:08,15, 4168
11:38:10,6, 4176
11:38:11,16, 4187
11:38:12,20, 4192
11:38:13,0, 4190
11:38:14,0, 4168
11:38:15,2, 4331
11:38:16,0, 4314
11:38:17,6, 4310
11:38:18,8, 4223
11:38:19,9, 4187
11:38:20,0, 4210
11:38:21,0, 4210
11:38:22,0, 4209
11:38:23,0, 4202
11:38:24,0, 4202
11:38:25,0, 4171
11:38:26,0, 4154
11:38:27,0, 4155
11:38:28,16, 4168
11:38:29,0, 4167
11:38:31,0, 4164
11:38:32,0, 4203
11:38:33,7, 4203
11:38:34,20, 4181
11:38:35,58, 4171
11:38:36,0, 4169
11:38:37,0, 4168
11:38:38,14, 4167
11:38:39,14, 4160
11:38:40,0, 4148
11:38:41,0, 4141
11:38:42,10, 4141
11:38:43,0, 4141
11:38:44,0, 4141
11:38:45,10, 4141
11:38:46,0, 4141
11:38:47,0, 4141
11:38:48,10, 4141
11:38:49,0, 4141
11:38:50,0, 4141
11:38:51,10, 4141
11:38:52,0, 4141
11:38:53,0, 4141
11:38:54,10, 4141
11:38:56,0, 4141
11:38:57,0, 4141
11:38:58,13, 4141
11:38:59,0, 4141
11:39:00,0, 4141
11:39:01,11, 4141
11:39:02,0, 4141
11:39:03,10, 4141
11:39:04,0, 4141
11:39:05,0, 4141
11:39:06,10, 4141
11:39:07,0, 4141
11:39:08,0, 4141
11:39:09,10, 4252
11:39:10,0, 4371
11:39:11,0, 4288
11:39:12,0, 4286
11:39:13,0, 4286
11:39:14,12, 4197
11:39:15,20, 4185
11:39:16,0, 4177
11:39:18,15, 4163
11:39:19,14, 4160
11:39:20,8, 4153
11:39:21,0, 4132
11:39:22,0, 4139
11:39:23,0, 4140
11:39:24,10, 4172
11:39:25,9, 4271
11:39:26,0, 4242
11:39:27,0, 4242
11:39:28,0, 4242
11:39:29,0, 4241
11:39:30,5, 4168
11:39:31,0, 4168
11:39:32,0, 4174
11:39:33,0, 4174
11:39:34,0, 4174
11:39:35,0, 4174
11:39:36,0, 4168
11:39:37,0, 4168
11:39:38,4, 4170
11:39:39,0, 4170
11:39:41,0, 4169
11:39:42,0, 4169
11:39:43,1, 4169
11:39:44,0, 4169
11:39:45,1, 4169
11:39:46,2, 4169
11:39:47,1, 4169
11:39:48,2, 4170
11:39:49,1, 4170
11:39:50,1, 4170
11:39:51,1, 4170
11:39:52,1, 4170
11:39:53,1, 4170
11:39:54,1, 4170
11:39:55,1, 4170
11:39:56,1, 4170
11:39:57,1, 4170
11:39:58,1, 4169
11:39:59,1, 4169
11:40:00,4, 4169
11:40:01,1, 4169
11:40:02,1, 4169
11:40:03,2, 4169
11:40:04,1, 4169
11:40:06,1, 4169
11:40:07,2, 4169
11:40:08,1, 4169
11:40:09,1, 4169
11:40:10,2, 4169
11:40:11,1, 4169
11:40:12,1, 4169
11:40:13,1, 4169
11:40:14,1, 4169
11:40:15,3, 4186
11:40:16,13, 4193
11:40:17,1, 4135
11:40:18,2, 4134
11:40:19,1, 4134
11:40:20,1, 4130
11:40:21,2, 4122
11:40:22,1, 4122
11:40:23,1, 4122
11:40:24,2, 4122
11:40:25,0, 4122
11:40:26,1, 4122
11:40:27,1, 4122
11:40:28,0, 4122
11:40:29,0, 4122
11:40:31,1, 4122
11:40:32,0, 4122
11:40:33,0, 4122
11:40:34,1, 4122
11:40:35,0, 4122
11:40:36,0, 4122
11:40:37,0, 4122
11:40:38,0, 4122
11:40:39,0, 4122
11:40:40,0, 4122
11:40:41,0, 4122
11:40:42,0, 4122
11:40:43,0, 4122
11:40:44,0, 4122
11:40:45,0, 4122
11:40:46,0, 4122
11:40:47,0, 4122
11:40:48,0, 4122
11:40:49,0, 4122
11:40:50,0, 4122
11:40:51,0, 4122
11:40:52,0, 4122
11:40:53,0, 4122
11:40:54,0, 4122
11:40:55,0, 4122
11:40:56,0, 4122
11:40:58,0, 4122
11:40:59,0, 4122
11:41:00,0, 4122
11:41:01,1, 4122
11:41:02,0, 4122
11:41:03,0, 4122
11:41:04,0, 4122
11:41:05,0, 4122
11:41:06,0, 4122
11:41:07,0, 4122
11:41:08,0, 4122
11:41:09,15, 4127
11:41:10,15, 4129
11:41:11,2, 4190
11:41:12,0, 4190
11:41:13,0, 4156
11:41:14,0, 4396
11:41:15,12, 4374
11:41:16,0, 4373
11:41:17,13, 4240
11:41:18,18, 4171
11:41:19,16, 4210
11:41:20,12, 4206
11:41:21,12, 4155
11:41:23,0, 4147
11:41:24,0, 4139
11:41:25,15, 4128
11:41:26,0, 4115
11:41:27,0, 4113
11:41:28,0, 4113
11:41:29,0, 4113
11:41:30,0, 4114
11:41:31,0, 4113
11:41:32,0, 4113
11:41:33,0, 4113
11:41:34,0, 4112
11:41:35,0, 4106
11:41:36,0, 4106
11:41:37,0, 4106
11:41:38,11, 4126
11:41:39,15, 4221
11:41:40,0, 4220
11:41:41,0, 4201
11:41:42,0, 4200
11:41:43,0, 4201
11:41:44,0, 4154
11:41:45,0, 4132
11:41:46,0, 4132
11:41:48,0, 4263
11:41:49,0, 4263
11:41:50,0, 4207
11:41:51,0, 4207
11:41:52,0, 4207
11:41:53,0, 4158
11:41:54,0, 4158
11:41:55,0, 4158
11:41:56,0, 4158
11:41:57,0, 4158
11:41:58,0, 4158
11:41:59,0, 4165
11:42:00,1, 4164
11:42:01,4, 4158
11:42:02,12, 4147
11:42:03,0, 4234
11:42:04,0, 4172
11:42:05,0, 4169
11:42:06,2, 4291
11:42:07,0, 4291
11:42:08,0, 4235
11:42:09,0, 4228
11:42:11,0, 4212
11:42:12,0, 4132
11:42:13,3, 4132
11:42:14,17, 4126
11:42:15,3, 4141
11:42:16,16, 4169
11:42:17,6, 4192
11:42:18,7, 4188
11:42:19,3, 4206
11:42:20,2, 4183
11:42:21,14, 4167
11:42:22,15, 4154
11:42:23,0, 4212
11:42:24,2, 4149
11:42:25,0, 4146
11:42:26,14, 4147
11:42:27,0, 4147
11:42:28,0, 4166
11:42:29,0, 4166
11:42:30,0, 4231
11:42:32,2, 4202
11:42:33,0, 4169
11:42:34,0, 4168
11:42:35,0, 4168
11:42:36,0, 4159
11:42:37,3, 4158
11:42:38,0, 4230
11:42:39,0, 4216
11:42:40,34, 4139
11:42:41,7, 4109
11:42:42,12, 4161
11:42:43,0, 4216
11:42:44,0, 4210
11:42:45,0, 4198
11:42:46,0, 4183
11:42:47,0, 4177
11:42:48,0, 4111
11:42:49,0, 4111
11:42:50,0, 4111
11:42:51,0, 4111
11:42:52,0, 4111
11:42:53,0, 4111
11:42:55,0, 4111
11:42:56,0, 4111
11:42:57,0, 4111
11:42:58,0, 4111
11:42:59,1, 4111
11:43:00,0, 4111
11:43:01,1, 4111
11:43:02,1, 4111
11:43:03,0, 4111
11:43:04,1, 4111
11:43:05,0, 4111
11:43:06,0, 4111
11:43:07,1, 4111
11:43:08,0, 4111
11:43:09,0, 4111
11:43:10,1, 4111
11:43:11,4, 4111
11:43:12,0, 4111
11:43:13,1, 4111
11:43:14,0, 4111
11:43:15,0, 4111
11:43:16,1, 4111
11:43:17,0, 4111
11:43:18,0, 4111
11:43:20,1, 4111
11:43:21,0, 4111
11:43:22,0, 4111
11:43:23,1, 4111
11:43:24,0, 4111
11:43:25,0, 4111
11:43:26,0, 4111
11:43:27,0, 4111
11:43:28,1, 4111
11:43:29,0, 4111
11:43:30,0, 4111
11:43:31,1, 4111
11:43:32,0, 4111
11:43:33,0, 4111
11:43:34,1, 4111
11:43:35,0, 4111
11:43:36,0, 4111
11:43:37,1, 4111
11:43:38,0, 4111
11:43:39,0, 4111
11:43:40,1, 4111
11:43:41,0, 4111
11:43:42,0, 4111
11:43:43,1, 4111
11:43:44,0, 4111
11:43:46,0, 4111
11:43:47,2, 4111
11:43:48,1, 4111
11:43:49,1, 4111
11:43:50,2, 4111
11:43:51,1, 4111
11:43:52,2, 4111
11:43:53,1, 4111
11:43:54,1, 4111
11:43:55,1, 4111
11:43:56,1, 4111
11:43:57,1, 4111
11:43:58,1, 4111
11:43:59,1, 4111
11:44:00,2, 4111
11:44:01,1, 4111
11:44:02,1, 4111
11:44:03,1, 4111
11:44:04,1, 4111
11:44:06,1, 4111
11:44:07,1, 4111
11:44:08,1, 4111
11:44:09,1, 4111
11:44:10,1, 4111
11:44:11,1, 4111
11:44:12,1, 4111
11:44:13,1, 4111
11:44:14,1, 4111
11:44:15,1, 4111
11:44:16,1, 4111
11:44:17,1, 4111
11:44:18,1, 4111
11:44:19,1, 4111
11:44:20,1, 4111
11:44:21,1, 4111
11:44:22,1, 4111
11:44:23,1, 4111
11:44:24,1, 4111
11:44:25,0, 4111
11:44:26,0, 4111
11:44:27,0, 4111
11:44:29,0, 4111
11:44:30,0, 4111
11:44:31,0, 4111
11:44:32,0, 4111
11:44:33,0, 4111
11:44:34,0, 4111
11:44:35,0, 4111
11:44:36,0, 4111
11:44:37,0, 4111
11:44:38,0, 4111
11:44:39,0, 4111
11:44:40,0, 4111
11:44:41,0, 4111
11:44:42,0, 4111
11:44:43,0, 4111
11:44:44,0, 4111
11:44:45,0, 4111
11:44:46,0, 4111
11:44:47,0, 4111
11:44:48,0, 4111
11:44:49,0, 4111
11:44:50,0, 4111
11:44:51,0, 4111
11:44:52,0, 4111
11:44:54,0, 4111
11:44:55,0, 4111
11:44:56,0, 4111
11:44:57,0, 4111
11:44:58,0, 4111
11:44:59,0, 4111
11:45:00,0, 4111
11:45:01,1, 4111
11:45:02,0, 4111
11:45:03,1, 4111
11:45:04,1, 4111
11:45:05,1, 4111
11:45:06,1, 4111
11:45:07,0, 4111
11:45:08,4, 4111
11:45:09,0, 4111
11:45:10,0, 4111
11:45:11,1, 4111
11:45:12,0, 4111
11:45:13,0, 4110
11:45:14,0, 4110
11:45:15,0, 4110
11:45:16,0, 4110
11:45:18,0, 4110
11:45:19,0, 4110
11:45:20,0, 4110
11:45:21,0, 4110
11:45:22,0, 4110
11:45:23,0, 4110
11:45:24,0, 4110
11:45:25,0, 4110
11:45:26,0, 4110
11:45:27,0, 4110
11:45:28,0, 4110
11:45:29,0, 4110
11:45:30,0, 4110
11:45:31,0, 4110
11:45:32,0, 4110
11:45:33,0, 4110
11:45:34,0, 4110
11:45:35,0, 4110
11:45:36,0, 4110
11:45:37,0, 4110
11:45:38,1, 4112
11:45:39,0, 4112
11:45:40,0, 4112
11:45:41,0, 4112
11:45:43,0, 4112
11:45:44,0, 4112
11:45:45,0, 4112
11:45:46,0, 4112
11:45:47,0, 4112
11:45:48,0, 4112
11:45:49,0, 4112
11:45:50,0, 4112
11:45:51,0, 4112
11:45:52,0, 4112
11:45:53,0, 4112
11:45:54,0, 4112
11:45:55,0, 4112
11:45:56,0, 4112
11:45:57,0, 4112
11:45:58,0, 4112
11:45:59,0, 4112
11:46:00,1, 4112
11:46:01,0, 4112
11:46:02,0, 4112
11:46:03,0, 4112
11:46:04,0, 4112
11:46:05,0, 4112
11:46:06,0, 4112
11:46:07,0, 4112
11:46:08,0, 4112
11:46:10,0, 4112
11:46:11,0, 4112
11:46:12,1, 4112
11:46:13,0, 4112
11:46:14,0, 4112
11:46:15,1, 4112
11:46:16,0, 4112
11:46:17,0, 4112
11:46:18,0, 4112
11:46:19,0, 4112
11:46:20,1, 4112
11:46:21,0, 4112
11:46:22,0, 4112
11:46:23,1, 4112
11:46:24,0, 4112
11:46:25,0, 4110
11:46:26,1, 4110
11:46:27,0, 4109
11:46:28,0, 4109
11:46:29,1, 4109
11:46:30,0, 4110
11:46:31,0, 4110
11:46:32,1, 4109
11:46:33,0, 4109
11:46:35,0, 4109
11:46:36,1, 4109
11:46:37,0, 4109
11:46:38,0, 4109
11:46:39,1, 4109
11:46:40,0, 4109
11:46:41,0, 4109
11:46:42,1, 4109
11:46:43,0, 4109
11:46:44,1, 4109
11:46:45,0, 4109
11:46:46,0, 4109
11:46:47,2, 4109
11:46:48,0, 4109
11:46:49,0, 4109
11:46:50,1, 4109
11:46:51,0, 4109
11:46:52,0, 4109
11:46:53,1, 4109
11:46:54,0, 4109
11:46:55,0, 4109
11:46:56,1, 4109
11:46:57,0, 4109
11:46:59,0, 4109
11:47:00,1, 4109
11:47:01,2, 4109
11:47:02,0, 4109
11:47:03,1, 4109
11:47:04,0, 4109
11:47:05,0, 4109
11:47:06,1, 4109
11:47:07,0, 4109
11:47:08,0, 4109
11:47:09,0, 4109
11:47:10,0, 4109
11:47:11,0, 4109
11:47:12,0, 4109
11:47:13,0, 4109
11:47:14,21, 4158
11:47:15,0, 4156
11:47:16,0, 4153
11:47:17,0, 4333
11:47:18,0, 4294
11:47:19,11, 4291
11:47:20,0, 4250
11:47:22,0, 4276
11:47:23,0, 4243
11:47:24,0, 4243
11:47:25,17, 4258
11:47:26,0, 4236
11:47:27,0, 4209
11:47:28,0, 4209
11:47:29,0, 4209
11:47:30,0, 4209
11:47:31,0, 4209
11:47:32,0, 4209
11:47:33,0, 4209
11:47:34,0, 4209
11:47:35,0, 4209
11:47:36,0, 4209
11:47:37,0, 4209
11:47:38,0, 4212
11:47:39,0, 4212
11:47:40,0, 4211
11:47:41,0, 4211
11:47:42,0, 4211
11:47:43,1, 4211
11:47:45,1, 4211
11:47:46,1, 4211
11:47:47,1, 4215
11:47:48,1, 4259
11:47:49,1, 4258
11:47:50,1, 4231
11:47:51,1, 4400
11:47:52,1, 4400
11:47:53,1, 4376
11:47:54,1, 4293
11:47:55,1, 4300
11:47:56,43, 4336
11:47:57,0, 4336
11:47:58,1, 4299
11:47:59,1, 4322
11:48:00,7, 4303
11:48:01,4, 4293
11:48:02,0, 4293
11:48:03,1, 4293
11:48:04,1, 4272
11:48:06,1, 4202
11:48:07,1, 4161
11:48:08,1, 4149
11:48:09,1, 4149
11:48:10,1, 4144
11:48:11,5, 4145
11:48:12,1, 4144
11:48:13,1, 4144
11:48:14,1, 4144
11:48:15,1, 4137
11:48:16,13, 4166
11:48:17,1, 4160
11:48:18,1, 4150
11:48:19,1, 4150
11:48:20,1, 4234
11:48:21,1, 4363
11:48:22,1, 4232
11:48:23,1, 4232
11:48:24,0, 4232
11:48:25,0, 4146
11:48:26,0, 4146
11:48:27,0, 4146
11:48:29,0, 4149
11:48:30,0, 4149
11:48:31,11, 4175
11:48:32,0, 4168
11:48:33,7, 4272
11:48:34,0, 4257
11:48:35,0, 4218
11:48:36,12, 4309
11:48:37,5, 4290
11:48:38,0, 4263
11:48:39,5, 4236
11:48:40,0, 4241
11:48:41,20, 4206
11:48:42,5, 4252
11:48:43,0, 4251
11:48:44,29, 4255
11:48:45,5, 4255
11:48:46,28, 4261
11:48:47,3, 4253
11:48:48,6, 4252
11:48:49,0, 4248
11:48:50,0, 4246
11:48:51,1, 4243
11:48:53,1, 4199
11:48:54,1, 4255
11:48:55,19, 4255
11:48:56,1, 4171
11:48:57,1, 4182
11:48:58,1, 4180
11:48:59,1, 4113
11:49:00,1, 4143
11:49:01,1, 4143
11:49:02,1, 4184
11:49:03,1, 4196
11:49:04,1, 4165
11:49:05,1, 4159
11:49:06,16, 4132
11:49:07,21, 4169
11:49:08,18, 4255
11:49:09,15, 4293
11:49:10,0, 4263
11:49:11,15, 4261
11:49:12,0, 4212
11:49:13,0, 4270
11:49:15,3, 4253
11:49:16,0, 4202
11:49:17,0, 4190
11:49:18,0, 4190
11:49:19,0, 4190
11:49:20,0, 4110
11:49:21,0, 4111
11:49:22,0, 4112
11:49:23,0, 4114
11:49:24,0, 4097
11:49:25,0, 4097
11:49:26,0, 4097
11:49:27,0, 4094
11:49:28,0, 4095
11:49:29,0, 4095
11:49:30,1, 4095
11:49:31,0, 4095
11:49:32,0, 4094
11:49:33,8, 4095
11:49:34,0, 4098
11:49:35,0, 4097
11:49:37,1, 4097
11:49:38,0, 4097
11:49:39,0, 4097
11:49:40,2, 4094
11:49:41,0, 4094
11:49:42,1, 4094
11:49:43,0, 4094
11:49:44,0, 4094
11:49:45,1, 4094
11:49:46,0, 4094
11:49:47,0, 4094
11:49:48,1, 4094
11:49:49,0, 4094
11:49:50,0, 4094
11:49:51,1, 4094
11:49:52,0, 4094
11:49:53,0, 4094
11:49:54,1, 4094
11:49:55,0, 4094
11:49:57,0, 4094
11:49:58,1, 4094
11:49:59,0, 4094
11:50:00,0, 4094
11:50:01,3, 4094
11:50:02,0, 4094
11:50:03,0, 4094
11:50:04,1, 4094
11:50:05,0, 4094
11:50:06,0, 4094
11:50:07,1, 4253
11:50:08,2, 4253
11:50:09,1, 4233
11:50:10,0, 4232
11:50:11,0, 4231
11:50:12,1, 4231
11:50:13,0, 4167
11:50:14,0, 4168
11:50:15,1, 4171
11:50:16,0, 4171
11:50:17,0, 4170
11:50:18,1, 4170
11:50:19,0, 4170
11:50:21,0, 4164
11:50:22,0, 4162
11:50:23,0, 4161
11:50:24,0, 4161
11:50:25,0, 4161
11:50:26,0, 4161
11:50:27,0, 4162
11:50:28,0, 4161
11:50:29,0, 4161
11:50:30,0, 4161
11:50:31,0, 4161
11:50:32,0, 4161
11:50:33,0, 4161
11:50:34,0, 4161
11:50:35,0, 4161
11:50:36,0, 4161
11:50:37,0, 4161
11:50:38,9, 4163
11:50:39,0, 4163
11:50:40,0, 4162
11:50:41,0, 4162
11:50:42,0, 4162
11:50:43,0, 4162
11:50:44,0, 4162
11:50:45,0, 4162
11:50:46,0, 4162
11:50:48,0, 4162
11:50:49,0, 4162
11:50:50,0, 4162
11:50:51,0, 4162
11:50:52,0, 4162
11:50:53,0, 4162
11:50:54,0, 4162
11:50:55,0, 4162
11:50:56,0, 4162
11:50:57,0, 4162
11:50:58,0, 4162
11:50:59,0, 4162
11:51:00,1, 4162
11:51:01,0, 4162
11:51:02,0, 4162
11:51:03,0, 4162
11:51:04,0, 4162
11:51:05,0, 4162
11:51:06,0, 4162
11:51:07,0, 4162
11:51:08,0, 4162
11:51:09,0, 4162
11:51:10,0, 4162
11:51:11,0, 4162
11:51:13,0, 4162
11:51:14,0, 4162
11:51:15,0, 4162
11:51:16,0, 4162
11:51:17,0, 4162
11:51:18,0, 4162
11:51:19,0, 4162
11:51:20,0, 4162
11:51:21,0, 4162
11:51:22,0, 4162
11:51:23,0, 4162
11:51:24,0, 4162
11:51:25,0, 4162
11:51:26,0, 4162
11:51:27,0, 4151
11:51:28,0, 4151
11:51:29,0, 4151
11:51:30,0, 4151
11:51:31,0, 4151
11:51:32,0, 4151
11:51:33,0, 4151
11:51:35,0, 4151
11:51:36,0, 4151
11:51:37,0, 4151
11:51:38,0, 4151
11:51:39,0, 4151
11:51:40,0, 4151
11:51:41,0, 4151
11:51:42,1, 4151
11:51:43,0, 4151
11:51:44,1, 4151
11:51:45,1, 4151
11:51:46,2, 4151
11:51:47,1, 4151
11:51:48,1, 4151
11:51:49,2, 4151
11:51:50,1, 4151
11:51:51,1, 4151
11:51:52,2, 4151
11:51:53,1, 4151
11:51:54,1, 4151
11:51:55,2, 4151
11:51:56,1, 4151
11:51:58,1, 4151
11:51:59,2, 4151
11:52:00,1, 4151
11:52:01,1, 4151
11:52:02,2, 4151
11:52:03,1, 4151
11:52:04,1, 4151
11:52:05,2, 4151
11:52:06,1, 4151
11:52:07,2, 4151
11:52:08,1, 4151
11:52:09,1, 4165
11:52:10,2, 4164
11:52:11,23, 4173
11:52:12,1, 4173
11:52:13,2, 4322
11:52:14,1, 4293
11:52:15,1, 4264
11:52:16,21, 4249
11:52:17,11, 4237
11:52:18,1, 4178
11:52:19,55, 4159
11:52:20,13, 4158
11:52:22,0, 4158
11:52:23,1, 4141
11:52:24,4, 4154
11:52:25,15, 4153
11:52:26,1, 4150
11:52:27,0, 4150
11:52:28,0, 4148
11:52:29,1, 4136
11:52:30,1, 4136
11:52:31,0, 4136
11:52:32,1, 4136
11:52:33,0, 4136
11:52:34,1, 4136
11:52:35,0, 4136
11:52:36,0, 4136
11:52:37,1, 4136
11:52:38,0, 4136
11:52:39,0, 4136
11:52:40,0, 4136
11:52:41,0, 4136
11:52:42,0, 4136
11:52:43,0, 4178
11:52:44,14, 4166
11:52:45,0, 4161
11:52:46,0, 4138
11:52:47,0, 4135
11:52:48,0, 4135
11:52:50,13, 4089
11:52:51,1, 4302
11:52:52,1, 4291
11:52:53,7, 4266
11:52:54,1, 4186
11:52:55,1, 4178
11:52:56,2, 4272
11:52:57,1, 4271
11:52:58,1, 4249
11:52:59,1, 4249
11:53:00,1, 4249
11:53:01,1, 4230
11:53:02,0, 4177
11:53:03,16, 4208
11:53:04,1, 4208
11:53:05,0, 4206
11:53:06,22, 4184
11:53:07,2, 4180
11:53:08,0, 4169
11:53:09,0, 4168
11:53:10,1, 4168
11:53:11,0, 4168
11:53:13,0, 4168
11:53:14,1, 4156
11:53:15,0, 4156
11:53:16,1, 4150
11:53:17,8, 4145
11:53:18,1, 4158
11:53:19,0, 4158
11:53:20,1, 4157
11:53:21,0, 4156
11:53:22,1, 4150
11:53:23,1, 4131
11:53:24,6, 4166
11:53:25,1, 4155
11:53:26,0, 4155
11:53:27,0, 4171
11:53:28,1, 4160
11:53:29,12, 4161
11:53:30,7, 4161
11:53:31,1, 4160
11:53:32,0, 4158
11:53:33,0, 4147
11:53:35,0, 4148
11:53:36,0, 4148
11:53:37,0, 4148
11:53:38,0, 4149
11:53:39,6, 4150
11:53:40,0, 4125
11:53:41,0, 4125
11:53:42,0, 4125
11:53:43,0, 4125
11:53:44,0, 4125
11:53:45,1, 4149
11:53:46,5, 4181
11:53:47,0, 4183
11:53:48,5, 4189
11:53:49,0, 4186
11:53:50,0, 4186
11:53:51,0, 4186
11:53:52,0, 4128
11:53:53,0, 4122
11:53:54,0, 4122
11:53:55,0, 4122
11:53:57,0, 4122
11:53:58,0, 4122
11:53:59,5, 4122
11:54:00,0, 4122
11:54:01,2, 4122
11:54:02,0, 4122
11:54:03,0, 4122
11:54:04,0, 4122
11:54:05,5, 4122
11:54:06,27, 4122
11:54:07,17, 4122
11:54:08,14, 4122
11:54:09,6, 4122
11:54:10,6, 4122
11:54:11,6, 4122
11:54:12,6, 4122
11:54:13,6, 4122
11:54:14,6, 4122
11:54:15,0, 4122
11:54:16,0, 4122
11:54:17,6, 4122
11:54:19,6, 4122
11:54:20,11, 4122
11:54:21,7, 4122
11:54:22,12, 4122
11:54:23,11, 4122
11:54:24,6, 4122
11:54:25,5, 4122
11:54:26,6, 4122
11:54:27,7, 4122
11:54:28,11, 4122
11:54:29,0, 5274
11:54:30,2, 4386
11:54:31,2, 4386
11:54:32,1, 4386
11:54:33,0, 4386
11:54:34,1, 4386
11:54:35,1, 4386
11:54:36,1, 4386
11:54:37,0, 19284
11:54:38,60, 19284
11:54:39,92, 19302
11:54:40,5, 22462
11:54:41,2, 22460
11:54:42,1, 22460
11:54:43,1, 22460
11:54:44,0, 22444
11:54:45,0, 22444
11:54:46,25, 4400
11:54:47,2, 4400
11:54:48,0, 4400
11:54:50,0, 4400
11:54:51,0, 4400
11:54:52,15, 4400
11:54:53,0, 4400
11:54:54,1, 18340
11:54:55,97, 18340
11:54:56,0, 22024
11:54:57,2, 22040
11:54:58,1, 22040
11:54:59,0, 22040
11:55:00,1, 22040
11:55:01,1, 22040
11:55:02,1, 22040
11:55:03,1, 22040
11:55:04,2, 22528
11:55:05,48, 22530
11:55:06,5, 22530
11:55:07,0, 22530
11:55:08,0, 22530
11:55:09,0, 22530
11:55:10,0, 22530
11:55:11,2, 22530
11:55:12,5, 22530
11:55:13,0, 22530
11:55:14,1, 22530
11:55:15,1, 22530
11:55:16,1, 22530
11:55:17,1, 22530
11:55:18,1, 22530
11:55:19,1, 22530
11:55:20,1, 22532
11:55:21,0, 22532
11:55:22,0, 22532
11:55:23,44, 22563
11:55:24,8, 22563
11:55:25,0, 22562
11:55:26,0, 22562
11:55:27,1, 22562
11:55:28,0, 22538
11:55:29,1, 22542
11:55:30,41, 22542
11:55:31,41, 22542
11:55:32,42, 22542
11:55:34,24, 22542
11:55:35,39, 22542
11:55:36,34, 22542
11:55:37,27, 22542
11:55:38,40, 22542
11:55:39,2, 22542
11:55:40,39, 22542
11:55:41,16, 22542
11:55:42,39, 22542
11:55:43,3, 22542
11:55:44,42, 22542
11:55:45,44, 22542
11:55:46,42, 22542
11:55:47,42, 22542
11:55:48,39, 22542
11:55:49,42, 22542
11:55:50,39, 22542
11:55:51,0, 22542
11:55:52,1, 22542
11:55:53,35, 22543
11:55:54,17, 22542
11:55:55,41, 22542
11:55:56,40, 22542
11:55:57,42, 22542
11:55:58,45, 22542
11:55:59,3, 22542
11:56:00,32, 22542
11:56:01,22, 22542
11:56:02,48, 22542
11:56:03,41, 22542
11:56:04,0, 22542
11:56:06,23, 22542
11:56:07,1, 22542
11:56:08,13, 22542
11:56:09,41, 22542
11:56:10,40, 22542
11:56:11,5, 22542
11:56:12,40, 22542
11:56:13,21, 22542
11:56:14,1, 22542
11:56:15,38, 22542
11:56:16,30, 22542
11:56:17,38, 22542
11:56:18,33, 22542
11:56:19,39, 22542
11:56:20,1, 22542
11:56:21,39, 22542
11:56:22,39, 22542
11:56:23,40, 22542
11:56:24,1, 22542
11:56:25,18, 22542
11:56:26,23, 22542
11:56:27,0, 22542
11:56:28,3, 22542
11:56:29,40, 22542
11:56:30,23, 22542
11:56:31,9, 22542
11:56:32,29, 22542
11:56:33,39, 22542
11:56:34,1, 22542
11:56:35,39, 22542
11:56:36,5, 22542
11:56:37,40, 22546
11:56:38,2, 22548
11:56:39,39, 22548
11:56:40,36, 22547
11:56:41,35, 22547
11:56:43,47, 22547
11:56:44,39, 22547
11:56:45,12, 22547
11:56:46,2, 22547
11:56:47,19, 22547
11:56:48,34, 22547
11:56:49,14, 22547
11:56:50,38, 22547
11:56:51,39, 22547
11:56:52,37, 22547
11:56:53,41, 22547
11:56:54,17, 22547
11:56:55,48, 22547
11:56:56,39, 22547
11:56:57,40, 22547
11:56:58,39, 22547
11:56:59,39, 22547
11:57:00,40, 22547
11:57:01,4, 22547
11:57:02,16, 22547
11:57:03,38, 22547
11:57:04,46, 22547
11:57:05,47, 22547
11:57:06,44, 22547
11:57:07,42, 22547
11:57:08,41, 22547
11:57:09,41, 22547
11:57:10,41, 22547
11:57:11,1, 22547
11:57:12,12, 22547
11:57:13,43, 22547
11:57:14,46, 22547
11:57:15,51, 22547
11:57:16,42, 22547
11:57:17,45, 22547
11:57:18,41, 22547
11:57:19,41, 22547
11:57:20,41, 22547
11:57:22,24, 22547
11:57:23,12, 22547
11:57:24,32, 22547
11:57:25,43, 22547
11:57:26,41, 22547
11:57:27,41, 22547
11:57:28,42, 22547
11:57:29,45, 22547
11:57:30,42, 22547
11:57:31,50, 22547
11:57:32,26, 22547
11:57:33,42, 22547
11:57:34,18, 22547
11:57:35,4, 22547
11:57:36,44, 22547
11:57:37,43, 22547
11:57:38,44, 22547
11:57:39,41, 22547
11:57:40,41, 22547
11:57:41,16, 22547
11:57:42,18, 22547
11:57:43,48, 22547
11:57:44,11, 22547
11:57:45,38, 22533
11:57:46,45, 22533
11:57:47,45, 22533
11:57:48,30, 22533
11:57:49,14, 22533
11:57:50,6, 22533
11:57:51,16, 22533
11:57:52,41, 22533
11:57:53,45, 22533
11:57:54,43, 22533
11:57:55,50, 22533
11:57:56,93, 22533
11:57:57,12, 22533
11:57:58,5, 22533
11:58:00,42, 22533
11:58:01,5, 22533
11:58:02,2, 22533
11:58:03,7, 22533
11:58:04,14, 22533
11:58:05,22, 22533
11:58:06,29, 22533
11:58:07,2, 22533
11:58:08,32, 22533
11:58:09,20, 22533
11:58:10,14, 22533
11:58:11,33, 22533
11:58:12,28, 22533
11:58:13,40, 22533
11:58:14,42, 22533
11:58:15,41, 22533
11:58:16,41, 22533
11:58:17,24, 22527
11:58:18,6, 22527
11:58:19,13, 22526
11:58:20,3, 22526
11:58:21,34, 22526
11:58:22,43, 22527
11:58:23,23, 22527
11:58:24,11, 22526
11:58:25,3, 22526
11:58:26,17, 22526
11:58:27,2, 22526
11:58:28,92, 22526
11:58:29,41, 22526
11:58:30,42, 22526
11:58:31,5, 22526
11:58:32,20, 22526
11:58:33,44, 22526
11:58:34,1, 22526
11:58:35,45, 22526
11:58:36,41, 22526
11:58:37,35, 22526
11:58:38,7, 22526
11:58:40,1, 22526
11:58:41,95, 22526
11:58:42,1, 22526
11:58:43,1, 22526
11:58:44,0, 22526
11:58:45,1, 22526
11:58:46,2, 22526
11:58:47,2, 22526
11:58:48,3, 22526
11:58:49,1, 22526
11:58:50,1, 22526
11:58:51,1, 22526
11:58:52,1, 22526
11:58:53,1, 22526
11:58:54,1, 22526
11:58:55,1, 22526
11:58:56,1, 22526
11:58:57,1, 22526
11:58:58,1, 22526
11:58:59,0, 22551
11:59:00,7, 22551
11:59:01,5, 22551
11:59:02,6, 22551
11:59:03,6, 22551
11:59:04,5, 22526
11:59:06,6, 22526
11:59:07,6, 22526
11:59:08,1, 22526
11:59:09,1, 22526
11:59:10,13, 22526
11:59:11,32, 22526
11:59:12,20, 22526
11:59:13,38, 22526
11:59:14,36, 22526
11:59:15,12, 22526
11:59:16,1, 22526
11:59:17,2, 22526
11:59:18,9, 22526
11:59:19,29, 22526
11:59:20,1, 22538
11:59:21,46, 22538
11:59:22,42, 22538
11:59:23,41, 22540
11:59:24,40, 22540
11:59:25,45, 22540
11:59:26,31, 22540
11:59:27,28, 22540
11:59:28,40, 22540
11:59:29,45, 22540
11:59:30,7, 22540
11:59:31,44, 22540
11:59:32,44, 22540
11:59:33,44, 22540
11:59:34,9, 22540
11:59:35,2, 22540
11:59:36,30, 22540
11:59:37,42, 22540
11:59:38,0, 22542
11:59:39,41, 22546
11:59:40,47, 22569
11:59:41,39, 22569
11:59:42,12, 22569
11:59:44,33, 22569
11:59:45,19, 22569
11:59:46,43, 22569
11:59:47,45, 22569
11:59:48,25, 22569
11:59:49,6, 22569
11:59:50,19, 22569
11:59:51,2, 22569
11:59:52,1, 22569
11:59:53,1, 22569
11:59:54,19, 22569
11:59:55,19, 22569
11:59:56,1, 22569
11:59:57,1, 22569
11:59:58,15, 22569
11:59:59,45, 22569
12:00:00,14, 22569
12:00:01,16, 22569
12:00:02,36, 22569
12:00:03,11, 22569
12:00:04,44, 22569
12:00:05,26, 22569
12:00:06,0, 22569
12:00:07,10, 22569
12:00:08,1, 22576
12:00:09,42, 22562
12:00:10,29, 22562
12:00:11,7, 22562
12:00:12,25, 22562
12:00:13,5, 22555
12:00:14,42, 22555
12:00:15,29, 22621
12:00:16,45, 22619
12:00:17,41, 22618
12:00:18,45, 22618
12:00:19,10, 22619
12:00:21,0, 22622
12:00:22,42, 22619
12:00:23,40, 22676
12:00:24,0, 22664
12:00:25,2, 22639
12:00:26,43, 22700
12:00:27,16, 22699
12:00:28,21, 22678
12:00:29,40, 22678
12:00:30,0, 22676
12:00:31,0, 22670
12:00:32,43, 22628
12:00:33,1, 22644
12:00:34,42, 22644
12:00:35,42, 22644
12:00:36,83, 22617
12:00:37,25, 22620
12:00:38,0, 22747
12:00:39,2, 22747
12:00:40,18, 22742
12:00:41,43, 22730
12:00:42,38, 22730
12:00:43,40, 22733
12:00:44,33, 22677
12:00:45,0, 22683
12:00:46,2, 22787
12:00:47,1, 22685
12:00:48,27, 22673
12:00:49,13, 22697
12:00:50,3, 22692
12:00:51,43, 22685
12:00:52,27, 22677
12:00:53,21, 22684
12:00:54,13, 22658
12:00:55,24, 22652
12:00:56,46, 22674
12:00:57,4, 22671
12:00:58,9, 22666
12:00:59,38, 22664
12:01:01,41, 22667
12:01:02,25, 22682
12:01:03,2, 22669
12:01:04,9, 22670
12:01:05,30, 22670
12:01:06,43, 22666
12:01:07,0, 22650
12:01:08,12, 22650
12:01:09,5, 22670
12:01:10,0, 22670
12:01:11,0, 22670
12:01:12,4, 22670
12:01:13,6, 22670
12:01:14,44, 22645
12:01:15,42, 22645
12:01:16,0, 22622
12:01:17,42, 22683
12:01:18,48, 22703
12:01:19,2, 22645
12:01:20,42, 22688
12:01:21,93, 22627
12:01:22,29, 22710
12:01:23,46, 22683
12:01:24,41, 22676
12:01:25,39, 22669
12:01:26,7, 22664
12:01:27,0, 22625
12:01:28,1, 22626
12:01:29,4, 22759
12:01:30,8, 22692
12:01:31,12, 22718
12:01:32,2, 22660
12:01:33,8, 22654
12:01:34,1, 22652
12:01:35,11, 22666
12:01:36,41, 22654
12:01:37,20, 22676
12:01:38,1, 22683
12:01:40,6, 22734
12:01:41,43, 22728
12:01:42,3, 22727
12:01:43,45, 22716
12:01:44,18, 22716
12:01:45,37, 22676
12:01:46,67, 22672
12:01:47,12, 22671
12:01:48,14, 22671
12:01:49,7, 22641
12:01:50,15, 22642
12:01:51,31, 22642
12:01:52,33, 22649
12:01:53,43, 22649
12:01:54,21, 22647
12:01:55,40, 22656
12:01:56,35, 22656
12:01:57,37, 22653
12:01:58,8, 22653
12:01:59,0, 22653
12:02:00,39, 22641
12:02:01,39, 22641
12:02:02,27, 22658
12:02:03,4, 22658
12:02:04,16, 22657
12:02:05,39, 22656
12:02:06,39, 22654
12:02:07,48, 22654
12:02:08,4, 22682
12:02:09,15, 22682
12:02:10,39, 22681
12:02:11,39, 22681
12:02:12,27, 22684
12:02:13,0, 22764
12:02:14,36, 22764
12:02:15,38, 22769
12:02:16,33, 22768
12:02:17,73, 22767
12:02:19,7, 22739
12:02:20,10, 22739
12:02:21,0, 22739
12:02:22,39, 22739
12:02:23,39, 22739
12:02:24,39, 22739
12:02:25,39, 22733
12:02:26,39, 22740
12:02:27,25, 22740
12:02:28,0, 22740
12:02:29,0, 22739
12:02:30,38, 22740
12:02:31,33, 22759
12:02:32,40, 22757
12:02:33,44, 22907
12:02:34,4, 22850
12:02:35,4, 22860
12:02:36,6, 22860
12:02:37,30, 22814
12:02:38,3, 22774
12:02:39,41, 22737
12:02:40,42, 22735
12:02:41,2, 22737
12:02:42,28, 22735
12:02:43,33, 22734
12:02:44,39, 22732
12:02:45,9, 22731
12:02:46,39, 22726
12:02:47,39, 22745
12:02:48,40, 22738
12:02:49,32, 22738
12:02:50,10, 22738
12:02:51,39, 22738
12:02:52,22, 22737
12:02:54,34, 22736
12:02:55,0, 22736
12:02:56,0, 22738
12:02:57,0, 22738
12:02:58,0, 22738
12:02:59,0, 22738
12:03:00,1, 22738
12:03:01,15, 22716
12:03:02,39, 22716
12:03:03,34, 22716
12:03:04,29, 22716
12:03:05,33, 22716
12:03:06,0, 22716
12:03:07,7, 22716
12:03:08,8, 22716
12:03:09,22, 22716
12:03:10,37, 22715
12:03:11,94, 22714
12:03:12,32, 22714
12:03:13,16, 22794
12:03:14,33, 22793
12:03:15,5, 22792
12:03:16,29, 22792
12:03:17,41, 22689
12:03:18,29, 22668
12:03:19,22, 22667
12:03:20,0, 22667
12:03:21,22, 22667
12:03:22,0, 22667
12:03:23,13, 22667
12:03:24,8, 22667
12:03:25,20, 22667
12:03:26,39, 22667
12:03:27,0, 22667
12:03:28,40, 22667
12:03:29,5, 22667
12:03:30,40, 22667
12:03:32,0, 22667
12:03:33,39, 22667
12:03:34,26, 22667
12:03:35,0, 22667
12:03:36,39, 22661
12:03:37,20, 22667
12:03:38,39, 22667
12:03:39,23, 22667
12:03:40,39, 22667
12:03:41,24, 22667
12:03:42,39, 22667
12:03:43,9, 22667
12:03:44,38, 22667
12:03:45,0, 22667
12:03:46,39, 22667
12:03:47,35, 22667
12:03:48,39, 22667
12:03:49,26, 22667
12:03:50,10, 22667
12:03:51,22, 22667
12:03:52,20, 22667
12:03:53,39, 22667
12:03:54,40, 22667
12:03:55,23, 22667
12:03:56,39, 22667
12:03:57,0, 22667
12:03:58,17, 22667
12:03:59,36, 22667
12:04:00,39, 22667
12:04:01,39, 22667
12:04:03,39, 22667
12:04:04,22, 22667
12:04:05,23, 22667
12:04:06,27, 22667
12:04:07,0, 22667
12:04:08,26, 22667
12:04:09,2, 22667
12:04:10,0, 22667
12:04:11,18, 22667
12:04:12,39, 22667
12:04:13,22, 22667
12:04:14,39, 22667
12:04:15,3, 22667
12:04:16,23, 22667
12:04:17,39, 22667
12:04:18,14, 22667
12:04:19,40, 22667
12:04:20,88, 22667
12:04:21,26, 22667
12:04:22,5, 22667
12:04:23,40, 22667
12:04:24,33, 22667
12:04:25,39, 22667
12:04:26,37, 22667
12:04:27,0, 22661
12:04:28,20, 22661
12:04:29,6, 22668
12:04:30,42, 22674
12:04:31,62, 22712
12:04:32,3, 22684
12:04:33,37, 22681
12:04:34,0, 22685
12:04:35,43, 22643
12:04:36,0, 22640
12:04:37,39, 22631
12:04:38,39, 22629
12:04:40,16, 22608
12:04:41,40, 22639
12:04:42,38, 22797
12:04:43,21, 22750
12:04:44,0, 22748
12:04:45,13, 22748
12:04:46,0, 22748
12:04:47,27, 22669
12:04:48,8, 22669
12:04:49,39, 22669
12:04:50,0, 22669
12:04:51,39, 22669
12:04:52,0, 22675
12:04:53,0, 22675
12:04:54,18, 22675
12:04:55,24, 22675
12:04:56,39, 22675
12:04:57,39, 22675
12:04:58,37, 22669
12:04:59,47, 22669
12:05:00,0, 22675
12:05:01,0, 22675
12:05:02,0, 22675
12:05:03,0, 22675
12:05:04,0, 22675
12:05:05,0, 22669
12:05:06,0, 22669
12:05:07,0, 22669
12:05:08,0, 22669
12:05:09,0, 22669
12:05:10,0, 22669
12:05:11,0, 22669
12:05:13,0, 22669
12:05:14,0, 22669
12:05:15,0, 22669
12:05:16,0, 22669
12:05:17,0, 22669
12:05:18,0, 22669
12:05:19,2, 22669
12:05:20,0, 22676
12:05:21,1, 22676
12:05:22,2, 22675
12:05:23,3, 22675
12:05:24,4, 22675
12:05:25,0, 22675
12:05:26,0, 22675
12:05:27,4, 22675
12:05:28,2, 22675
12:05:29,2, 22675
12:05:30,1, 22675
12:05:31,2, 22675
12:05:32,0, 22675
12:05:33,4, 22669
12:05:35,2, 22669
12:05:36,0, 22669
12:05:37,5, 22669
12:05:38,3, 22669
12:05:39,2, 22669
12:05:40,4, 22669
12:05:41,0, 22669
12:05:42,1, 22669
12:05:43,2, 22669
12:05:44,2, 22669
12:05:45,1, 22669
12:05:46,2, 22669
12:05:47,0, 22669
12:05:48,4, 22669
12:05:49,0, 22669
12:05:50,0, 22669
12:05:51,1, 22724
12:05:52,0, 22724
12:05:53,6, 22723
12:05:54,4, 22724
12:05:56,0, 22724
12:05:57,4, 22724
12:05:58,1, 22723
