17:53:09,0, 7955
17:53:10,0, 7955
17:53:11,0, 7955
17:53:12,0, 7955
17:53:13,0, 7955
17:53:14,0, 7955
17:53:15,0, 7955
17:53:16,0, 7955
17:53:17,83, 7955
17:53:18,0, 7955
17:53:19,0, 7955
17:53:20,0, 7955
17:53:21,0, 7955
17:53:22,0, 7955
17:53:23,0, 7955
17:53:24,0, 7955
17:53:25,0, 7955
17:53:26,86, 7955
17:53:27,0, 7955
17:53:29,0, 7955
17:53:30,0, 7955
17:53:31,0, 7955
17:53:32,0, 7955
17:53:33,0, 7955
17:53:34,0, 7955
17:53:35,0, 7955
17:53:36,0, 7955
17:53:37,0, 7955
17:53:38,0, 7955
17:53:39,0, 7955
17:53:40,0, 7955
17:53:41,0, 7955
17:53:42,0, 7955
17:53:43,0, 7955
17:53:44,0, 7955
17:53:45,0, 7955
17:53:46,0, 7955
17:53:47,0, 7955
17:53:48,0, 7955
17:53:49,0, 7955
17:53:50,0, 7955
17:53:51,0, 7955
17:53:52,0, 7955
17:53:53,0, 7955
17:53:54,0, 7955
17:53:55,0, 7955
17:53:57,0, 7955
17:53:58,0, 7955
17:53:59,0, 7955
17:54:00,0, 7955
17:54:01,0, 7955
17:54:02,0, 7955
17:54:03,0, 7955
17:54:04,0, 7955
17:54:05,0, 7955
17:54:06,0, 7955
17:54:07,0, 7955
17:54:08,0, 7955
17:54:09,0, 7955
17:54:10,0, 7955
17:54:11,0, 7955
17:54:12,0, 7955
17:54:13,0, 7955
17:54:14,0, 7955
17:54:15,0, 7955
17:54:16,0, 7955
17:54:17,0, 7955
17:54:18,0, 7955
17:54:19,0, 7955
17:54:20,0, 7955
17:54:21,0, 7955
17:54:22,0, 7955
17:54:24,83, 7955
17:54:25,88, 7955
17:54:26,88, 7955
17:54:27,88, 7955
17:54:28,81, 7955
17:54:29,87, 7955
17:54:30,87, 7955
17:54:31,85, 7955
17:54:32,88, 7955
17:54:33,88, 7955
17:54:34,77, 7955
17:54:35,86, 7955
17:54:36,87, 7955
17:54:37,86, 7955
17:54:38,84, 7955
17:54:39,87, 7955
17:54:40,76, 7955
17:54:41,82, 7955
17:54:42,87, 7955
17:54:43,73, 7955
17:54:44,87, 7955
17:54:45,83, 7955
17:54:46,84, 7955
17:54:47,85, 7955
17:54:48,85, 7955
17:54:49,86, 7955
17:54:50,87, 7955
17:54:51,78, 7955
17:54:52,84, 7955
17:54:53,87, 7955
17:54:54,87, 7955
17:54:55,85, 7955
17:54:56,82, 7955
17:54:57,84, 7955
17:54:58,88, 7955
17:54:59,87, 7955
17:55:00,87, 7955
17:55:01,86, 7955
17:55:02,85, 7955
17:55:04,88, 7955
17:55:05,86, 7955
17:55:06,85, 7955
17:55:07,87, 7955
17:55:08,83, 7955
17:55:09,75, 7955
17:55:10,87, 7955
17:55:11,86, 7955
17:55:12,85, 7955
17:55:13,0, 7955
17:55:14,0, 7955
17:55:15,0, 7955
17:55:16,0, 7955
17:55:17,0, 7955
17:55:18,0, 7955
17:55:19,0, 7955
17:55:20,0, 7955
17:55:21,0, 7955
17:55:22,0, 7955
17:55:23,0, 7955
17:55:24,0, 7955
17:55:25,0, 7955
17:55:26,0, 7955
17:55:27,0, 7955
17:55:28,0, 7955
17:55:29,0, 7955
17:55:30,0, 7955
17:55:31,0, 7955
17:55:32,0, 7955
17:55:33,0, 7955
17:55:34,0, 7955
17:55:36,0, 7955
17:55:37,0, 7955
17:55:38,0, 7955
17:55:39,0, 7955
17:55:40,0, 7955
17:55:41,0, 7955
17:55:42,0, 7955
17:55:43,0, 7955
17:55:44,0, 7955
17:55:45,0, 7955
17:55:46,0, 7955
17:55:47,0, 7955
17:55:48,0, 7955
17:55:49,0, 7955
17:55:50,0, 7955
17:55:51,0, 7955
17:55:52,0, 7955
17:55:53,0, 7955
17:55:54,0, 7955
17:55:55,0, 7955
17:55:56,0, 7955
17:55:57,0, 7955
17:55:58,0, 7955
17:55:59,0, 7955
17:56:00,0, 7955
17:56:02,0, 7955
17:56:03,0, 7955
17:56:04,0, 7955
17:56:05,0, 7955
17:56:06,0, 7955
17:56:07,0, 7955
17:56:08,0, 7955
17:56:09,0, 7955
17:56:10,0, 7955
17:56:11,0, 7955
17:56:12,0, 7955
17:56:13,0, 7955
17:56:14,0, 7955
17:56:15,0, 7955
17:56:16,85, 7955
17:56:17,87, 7955
17:56:18,84, 7955
17:56:19,88, 7955
17:56:20,86, 7955
17:56:21,81, 7955
17:56:22,74, 7955
17:56:23,88, 7955
17:56:24,82, 7955
17:56:25,87, 7955
17:56:26,88, 7955
17:56:27,88, 7955
17:56:28,84, 7955
17:56:29,85, 7955
17:56:30,85, 7955
17:56:31,76, 7955
17:56:32,87, 7955
17:56:33,88, 7955
17:56:35,84, 7955
17:56:36,85, 7955
17:56:37,88, 7955
17:56:38,79, 7955
17:56:39,87, 7955
17:56:40,86, 7955
17:56:41,84, 7955
17:56:42,87, 7955
17:56:43,86, 7955
17:56:44,87, 7955
17:56:45,87, 7955
17:56:46,87, 7955
17:56:47,87, 7955
17:56:48,85, 7955
17:56:49,85, 7955
17:56:50,87, 7955
17:56:51,87, 7955
17:56:52,85, 7955
17:56:53,82, 7955
17:56:54,75, 7955
17:56:55,86, 7955
17:56:56,78, 7955
17:56:57,84, 7955
17:56:58,85, 7955
17:56:59,86, 7955
17:57:00,83, 7955
17:57:01,88, 7955
17:57:02,87, 7955
17:57:03,87, 7955
17:57:04,86, 7955
17:57:05,0, 7955
17:57:06,0, 7955
17:57:07,0, 7955
17:57:08,0, 7955
17:57:09,0, 7955
17:57:10,0, 7955
17:57:11,0, 7955
17:57:12,0, 7955
17:57:14,0, 7955
17:57:15,0, 7955
17:57:16,0, 7955
17:57:17,0, 7955
17:57:18,0, 7955
17:57:19,0, 7955
17:57:20,0, 7955
17:57:21,0, 7955
17:57:22,0, 7955
17:57:23,0, 7955
17:57:24,0, 7955
17:57:25,0, 7955
17:57:26,0, 7955
17:57:27,0, 7955
17:57:28,0, 7955
17:57:29,0, 7955
17:57:30,0, 7955
17:57:31,0, 7955
17:57:32,0, 7955
17:57:33,0, 7955
17:57:34,0, 7955
17:57:35,0, 7955
17:57:36,0, 7955
17:57:37,0, 7955
17:57:38,0, 7955
17:57:39,0, 7955
17:57:40,0, 7955
17:57:42,0, 7955
17:57:43,0, 7955
17:57:44,0, 7955
17:57:45,0, 7955
17:57:46,0, 7955
17:57:47,0, 7955
17:57:48,0, 7955
17:57:49,0, 7955
17:57:50,0, 7955
17:57:51,0, 7955
17:57:52,0, 7955
17:57:53,0, 7955
17:57:54,0, 7955
17:57:55,0, 7955
17:57:56,0, 7955
17:57:57,0, 7955
17:57:58,0, 7955
17:57:59,0, 7955
17:58:00,0, 7955
17:58:01,0, 7955
17:58:02,0, 7955
17:58:03,0, 7955
17:58:04,0, 7955
17:58:05,0, 7955
17:58:06,0, 7955
17:58:08,84, 7955
17:58:09,85, 7955
17:58:10,86, 7955
17:58:11,86, 7955
17:58:12,86, 7955
17:58:13,82, 7955
17:58:14,84, 7955
17:58:15,87, 7955
17:58:16,80, 7955
17:58:17,88, 7955
17:58:18,80, 7955
17:58:19,86, 7955
17:58:20,87, 7955
17:58:21,81, 7955
17:58:22,80, 7955
17:58:23,85, 7955
17:58:24,86, 7955
17:58:25,84, 7955
17:58:26,86, 7955
17:58:27,75, 7955
17:58:28,87, 7955
17:58:29,85, 7955
17:58:30,88, 7955
17:58:31,80, 7955
17:58:32,88, 7955
17:58:33,87, 7955
17:58:34,87, 7955
17:58:35,87, 7955
17:58:36,87, 7955
17:58:37,86, 7955
17:58:38,88, 7955
17:58:39,86, 7955
17:58:40,87, 7955
17:58:41,87, 7955
17:58:42,86, 7955
17:58:43,86, 7955
17:58:44,83, 7955
17:58:45,80, 7955
17:58:46,85, 7955
17:58:48,88, 7955
17:58:49,87, 7955
17:58:50,86, 7955
17:58:51,76, 7955
17:58:52,84, 7955
17:58:53,77, 7955
17:58:54,85, 7955
17:58:55,84, 7955
17:58:56,79, 7955
17:58:57,2, 7955
17:58:58,0, 7955
17:58:59,0, 7955
17:59:00,0, 7955
17:59:01,0, 7955
17:59:02,0, 7955
17:59:03,0, 7955
17:59:04,0, 7955
17:59:05,0, 7955
17:59:06,0, 7955
17:59:07,0, 7955
17:59:08,0, 7955
17:59:09,0, 7955
17:59:10,0, 7955
17:59:11,0, 7955
17:59:12,0, 7955
17:59:13,0, 7955
17:59:14,0, 7955
17:59:15,0, 7955
17:59:16,0, 7955
17:59:17,0, 7955
17:59:19,0, 7955
17:59:20,0, 7955
17:59:21,0, 7955
17:59:22,0, 7955
17:59:23,0, 7955
17:59:24,0, 7955
17:59:25,0, 7955
17:59:26,0, 7955
17:59:27,0, 7955
17:59:28,0, 7955
17:59:29,0, 7955
17:59:30,0, 7955
17:59:31,0, 7955
17:59:32,0, 7955
17:59:33,0, 7955
17:59:34,0, 7955
17:59:35,0, 7955
17:59:36,0, 7955
17:59:37,0, 7955
17:59:38,0, 7955
17:59:39,0, 7955
17:59:40,0, 7955
17:59:41,0, 7955
17:59:42,0, 7955
17:59:43,0, 7955
17:59:45,0, 7955
17:59:46,0, 7955
17:59:47,0, 7955
17:59:48,0, 7955
17:59:49,0, 7955
17:59:50,0, 7955
17:59:51,0, 7955
17:59:52,0, 7955
17:59:53,0, 7955
17:59:54,0, 7955
17:59:55,0, 7955
17:59:56,0, 7955
17:59:57,0, 7955
17:59:58,0, 7955
17:59:59,0, 7955
18:00:00,0, 7955
18:00:01,0, 7955
18:00:02,0, 7955
18:00:03,0, 7955
18:00:04,0, 7955
18:00:05,0, 7955
18:00:06,0, 7955
18:00:07,0, 7955
18:00:08,0, 7955
18:00:10,0, 7955
18:00:11,0, 7955
18:00:12,0, 7955
18:00:13,0, 7955
18:00:14,0, 7955
18:00:15,0, 7955
18:00:16,0, 7955
18:00:17,0, 7955
18:00:18,0, 7955
18:00:19,0, 7955
18:00:20,0, 7955
18:00:21,0, 3
18:00:22,0, 3
18:00:23,0, 3
18:00:24,0, 3
18:00:25,0, 3
18:00:26,0, 3
18:00:28,0, 3
18:00:30,0, 3
18:00:31,0, 3
18:00:32,0, 3
18:00:33,0, 3
18:00:34,0, 3
18:00:35,0, 3
18:00:36,0, 3
18:00:42,0, 3
18:00:43,0, 3
18:00:44,0, 3
18:00:45,0, 3
18:00:46,0, 3
18:00:47,0, 3
18:00:48,0, 3
18:00:49,0, 3
18:00:50,0, 3
18:00:51,0, 3
18:00:52,0, 3
18:00:53,0, 3
18:00:54,0, 3
18:00:56,0, 3
18:00:57,0, 3
18:00:58,0, 3
18:00:59,0, 3
18:01:00,0, 3
18:01:01,0, 3
18:01:02,0, 3
18:01:03,0, 3
18:01:04,0, 3
18:01:05,0, 3
18:01:06,0, 3
18:01:07,0, 3
18:01:08,0, 3
18:01:09,0, 3
18:01:10,0, 3
18:01:11,0, 3
18:01:12,0, 3
18:01:13,0, 3
18:01:14,0, 3
18:01:24,0, 3
18:01:25,0, 3
18:01:26,0, 3
18:01:27,0, 3
18:01:28,0, 3
18:01:29,0, 3
18:01:31,0, 3
18:01:32,0, 3
18:01:33,0, 3
18:01:34,0, 3
18:01:35,0, 3
18:01:36,0, 3
18:01:38,0, 3
18:01:39,0, 3
18:01:40,0, 3
18:01:41,0, 3
18:01:42,0, 3
18:01:43,0, 3
18:01:44,0, 3
18:01:45,0, 3
18:01:46,0, 3
18:01:47,0, 3
18:01:51,0, 3
18:01:52,0, 3
18:01:53,0, 3
18:01:54,0, 3
18:01:55,0, 3
18:01:56,0, 3
18:01:57,0, 3
18:01:58,0, 3
18:01:59,0, 3
18:02:00,0, 3
18:02:01,0, 3
18:02:02,0, 3
18:02:03,0, 3
18:02:04,0, 3
18:02:05,0, 3
18:02:06,0, 3
18:02:07,0, 3
18:02:08,0, 3
18:02:10,0, 3
18:02:11,89, 8263
18:02:12,0, 9409
18:02:13,0, 9409
18:02:14,0, 9409
18:02:15,0, 9409
18:02:16,0, 9409
18:02:17,0, 9409
18:02:18,0, 9409
18:02:19,0, 9409
18:02:20,0, 9409
18:02:21,3, 0
18:02:24,3, 0
18:02:25,3, 0
18:02:27,3, 0
18:02:29,3, 0
18:02:31,3, 0
18:02:33,3, 0
18:02:34,3, 0
18:02:36,3, 0
18:02:38,3, 0
18:02:40,3, 0
18:02:42,3, 0
18:02:44,3, 0
18:02:45,3, 0
18:02:48,3, 1
18:02:49,3, 1
18:02:51,90, 8263
18:02:52,0, 9409
18:02:53,0, 9409
18:02:54,0, 9409
18:02:55,0, 9409
18:02:56,0, 9409
18:02:57,0, 9409
18:02:58,0, 9409
18:02:59,0, 9409
18:03:00,0, 9409
18:03:01,0, 9409
18:03:03,0, 9409
18:03:04,0, 9409
18:03:05,0, 9487
18:03:06,0, 9487
18:03:07,0, 9487
18:03:08,0, 9487
18:03:09,0, 9487
18:03:10,0, 9487
18:03:11,0, 9487
18:03:12,0, 9487
18:03:13,0, 9487
18:03:14,0, 9487
18:03:15,0, 9487
18:03:16,0, 9487
18:03:17,0, 9487
18:03:18,98, 9495
18:03:19,0, 9495
18:03:20,0, 9495
18:03:21,0, 9495
18:03:22,0, 9495
18:03:23,0, 9495
18:03:24,0, 9495
18:03:25,0, 9495
18:03:26,0, 9495
18:03:27,0, 9495
18:03:28,0, 9495
18:03:29,0, 9495
18:03:30,0, 9495
18:03:31,0, 9495
18:03:32,0, 9495
18:03:33,0, 9495
18:03:34,0, 9495
18:03:35,0, 9495
18:03:37,0, 9495
18:03:38,0, 9495
18:03:39,0, 9495
18:03:40,0, 9495
18:03:41,0, 9495
18:03:42,0, 9495
18:03:43,0, 9495
18:03:44,0, 9495
18:03:45,0, 9495
18:03:46,0, 9495
18:03:47,0, 9495
18:03:48,0, 9495
18:03:49,0, 9495
18:03:50,0, 9495
18:03:51,0, 9495
18:03:52,0, 9495
18:03:53,0, 9495
18:03:54,0, 9495
18:03:55,0, 9495
18:03:56,0, 9495
18:03:57,0, 9495
18:03:58,0, 9495
18:03:59,0, 9495
18:04:00,0, 9495
18:04:02,0, 9495
18:04:03,0, 9495
18:04:04,0, 9495
18:04:05,0, 9495
18:04:06,0, 9495
18:04:07,0, 9495
18:04:08,0, 9495
18:04:09,0, 9495
18:04:10,0, 9495
18:04:11,0, 9495
18:04:12,0, 9495
18:04:13,0, 9495
18:04:14,0, 9495
18:04:15,0, 9495
18:04:16,0, 9495
18:04:17,0, 9495
18:04:18,0, 9495
18:04:19,0, 9495
18:04:20,0, 9495
18:04:21,0, 9495
18:04:22,0, 9495
18:04:23,0, 9495
18:04:24,0, 9495
18:04:25,0, 9495
18:04:26,0, 9495
18:04:27,0, 9495
18:04:29,0, 9495
18:04:30,0, 9495
18:04:31,0, 9495
18:04:32,0, 9495
18:04:33,0, 9495
18:04:34,0, 9495
18:04:35,0, 9495
18:04:36,0, 9495
18:04:37,0, 9495
18:04:38,0, 9495
18:04:39,0, 9495
18:04:40,0, 9495
18:04:41,0, 9495
18:04:42,0, 9495
18:04:43,0, 9495
18:04:44,0, 9495
18:04:45,0, 9495
18:04:46,0, 9495
18:04:47,0, 9495
18:04:48,0, 9495
18:04:49,0, 9495
18:04:50,0, 9495
18:04:51,0, 9495
18:04:52,0, 9495
18:04:54,0, 9495
18:04:55,0, 9495
18:04:56,0, 9495
18:04:57,0, 9495
18:04:58,0, 9495
18:04:59,0, 9495
18:05:00,0, 9495
18:05:01,0, 9495
18:05:02,0, 9495
18:05:03,0, 9495
18:05:04,0, 9495
18:05:05,0, 9495
18:05:06,0, 9495
18:05:07,0, 9495
18:05:08,0, 9495
18:05:09,0, 9495
18:05:10,0, 9495
18:05:11,0, 9495
18:05:12,0, 9495
18:05:13,0, 9495
18:05:14,0, 9495
18:05:15,0, 9495
18:05:16,0, 9495
18:05:17,0, 9495
18:05:19,0, 9495
18:05:20,0, 9495
18:05:21,0, 9495
18:05:22,0, 9495
18:05:23,0, 9495
18:05:24,0, 9495
18:05:25,0, 9495
18:05:26,0, 9495
18:05:27,0, 9495
18:05:28,0, 9495
18:05:29,0, 9495
18:05:30,0, 9495
18:05:31,0, 9495
18:05:32,0, 9495
18:05:33,0, 9495
18:05:34,0, 9495
18:05:35,0, 9495
18:05:36,0, 9495
18:05:37,0, 9495
18:05:38,0, 9495
18:05:39,0, 9495
18:05:40,0, 9495
18:05:41,0, 9495
18:05:42,0, 9495
18:05:43,0, 9495
18:05:45,0, 9495
18:05:46,0, 9495
18:05:47,0, 9495
18:05:48,0, 9495
18:05:49,0, 9495
18:05:50,0, 9495
18:05:51,0, 9495
18:05:52,0, 9495
18:05:53,0, 9495
18:05:54,0, 9495
18:05:55,0, 9495
18:05:56,0, 9495
18:05:57,0, 9495
18:05:58,0, 9495
18:05:59,0, 9495
18:06:00,0, 9495
18:06:01,0, 9495
18:06:02,0, 9495
18:06:03,0, 9495
18:06:04,0, 9495
18:06:05,0, 9495
18:06:06,0, 9495
18:06:07,0, 9495
18:06:08,0, 9495
18:06:10,0, 9495
18:06:11,0, 9495
18:06:12,0, 9495
18:06:13,0, 9495
18:06:14,0, 9495
18:06:15,0, 9495
18:06:16,0, 9495
18:06:17,0, 9495
18:06:18,0, 9495
18:06:19,0, 9495
18:06:20,0, 9495
18:06:21,0, 9495
18:06:22,0, 9495
18:06:23,0, 9495
18:06:24,0, 9495
18:06:25,0, 9495
18:06:26,0, 9495
18:06:27,0, 9495
18:06:28,0, 9495
18:06:29,0, 9495
18:06:30,0, 9495
18:06:31,0, 9495
18:06:32,0, 9495
18:06:33,0, 9495
18:06:34,0, 9495
18:06:36,0, 9495
18:06:37,0, 9495
18:06:38,0, 9495
18:06:39,0, 9495
18:06:40,0, 9495
18:06:41,0, 9495
18:06:42,0, 9495
18:06:43,0, 9495
18:06:44,0, 9495
18:06:45,0, 9495
18:06:46,0, 9495
18:06:47,0, 9495
18:06:48,0, 9495
18:06:49,0, 9495
18:06:50,0, 9495
18:06:51,0, 9495
18:06:52,0, 9495
18:06:53,0, 9495
18:06:54,0, 9495
18:06:55,0, 9495
18:06:56,0, 9495
18:06:57,0, 9495
18:06:58,0, 9495
18:06:59,0, 9495
18:07:01,0, 9495
18:07:02,0, 9495
18:07:03,0, 9495
18:07:04,0, 9495
18:07:05,0, 9495
18:07:06,0, 9495
18:07:07,0, 9495
18:07:08,0, 9495
18:07:09,0, 9495
18:07:10,0, 9495
18:07:11,0, 9495
18:07:12,0, 9495
18:07:13,0, 9495
18:07:14,0, 9495
18:07:15,0, 9495
18:07:16,0, 9495
18:07:17,0, 9495
18:07:18,0, 9495
18:07:19,0, 9495
18:07:20,0, 9495
18:07:21,0, 9495
18:07:22,0, 9495
18:07:23,0, 9495
18:07:24,0, 9495
18:07:25,0, 9495
18:07:27,0, 9495
18:07:28,0, 9495
18:07:29,0, 9495
18:07:30,0, 9495
18:07:31,0, 9495
18:07:32,0, 9495
18:07:33,0, 9495
18:07:34,0, 9495
18:07:35,0, 9495
18:07:36,0, 9495
18:07:37,0, 9495
18:07:38,0, 9495
18:07:39,0, 9495
18:07:40,0, 9495
18:07:41,0, 9495
18:07:42,0, 9495
18:07:43,0, 9495
18:07:44,0, 9495
18:07:45,0, 9495
18:07:46,0, 9495
18:07:47,0, 9495
18:07:48,0, 9495
18:07:49,0, 9495
18:07:51,0, 9495
18:07:52,0, 9495
18:07:53,0, 9495
18:07:54,0, 9495
18:07:55,0, 9495
18:07:56,0, 9495
18:07:57,0, 9495
18:07:58,0, 9495
18:07:59,0, 9495
18:08:00,0, 9495
18:08:01,0, 9495
18:08:02,0, 9495
18:08:03,0, 9495
18:08:04,0, 9495
18:08:05,0, 9495
18:08:06,0, 9495
18:08:07,0, 9495
18:08:08,0, 9495
18:08:09,0, 9495
18:08:10,0, 9495
18:08:11,0, 9495
18:08:12,0, 9495
18:08:13,0, 9495
18:08:14,0, 9495
18:08:15,0, 9495
18:08:17,0, 9495
18:08:18,0, 9495
18:08:19,0, 9495
18:08:20,4, 1
18:08:22,4, 0
18:08:25,3, 0
18:08:26,3, 0
18:08:28,3, 0
18:08:30,4, 0
18:08:32,3, 0
18:08:34,4, 0
18:08:36,3, 0
18:08:37,3, 0
18:08:39,3, 0
18:08:41,3, 0
18:08:43,3, 0
18:08:45,3, 0
18:08:46,3, 0
18:08:49,3, 0
18:08:50,3, 0
18:08:52,3, 0
18:08:54,3, 0
18:08:56,3, 0
18:08:58,3, 0
18:09:00,3, 0
18:09:02,3, 0
18:09:04,3, 0
18:09:05,3, 0
18:09:07,3, 0
18:09:09,3, 0
18:09:11,3, 0
18:09:13,3, 0
18:09:15,4, 0
18:09:16,3, 0
18:09:18,3, 0
18:09:20,3, 0
18:09:22,3, 0
18:09:24,3, 0
18:09:26,3, 0
18:09:27,3, 0
18:09:29,3, 0
18:09:31,4, 0
18:09:33,3, 0
18:09:35,3, 0
18:09:37,4, 0
18:09:38,3, 0
18:09:40,3, 0
18:09:42,3, 0
18:09:44,3, 0
18:09:46,3, 0
18:09:47,3, 0
18:09:49,3, 0
18:09:51,3, 0
18:09:53,3, 0
18:09:55,3, 0
18:09:57,4, 0
18:09:59,3, 0
18:10:00,4, 0
18:10:02,3, 0
18:10:04,3, 0
18:10:06,3, 0
18:10:08,3, 0
18:10:09,3, 0
18:10:12,3, 0
18:10:13,4, 0
18:10:15,3, 0
18:10:17,3, 0
18:10:19,3, 0
18:10:21,3, 0
18:10:23,3, 0
18:10:24,3, 0
18:10:26,3, 0
18:10:28,3, 0
18:10:30,3, 0
18:10:32,3, 0
18:10:33,3, 0
18:10:35,3, 0
18:10:37,3, 0
18:10:39,3, 0
18:10:41,3, 0
18:10:43,3, 0
18:10:44,3, 0
18:10:46,3, 0
18:10:48,3, 0
18:10:50,3, 0
18:10:52,3, 0
18:10:54,4, 0
18:10:56,3, 0
18:10:57,3, 0
18:10:59,3, 0
18:11:01,3, 0
18:11:03,4, 0
18:11:05,3, 0
18:11:07,3, 0
18:11:08,3, 0
18:11:10,3, 0
18:11:12,3, 0
18:11:14,3, 0
18:11:16,3, 0
18:11:17,3, 0
18:11:19,3, 0
18:11:21,3, 0
18:11:23,3, 0
18:11:25,3, 0
18:11:27,3, 0
18:11:29,3, 0
18:11:30,3, 0
18:11:32,3, 0
18:11:34,3, 0
18:11:36,3, 0
18:11:38,3, 0
18:11:40,3, 0
18:11:41,3, 0
18:11:43,3, 0
18:11:45,3, 0
18:11:47,3, 0
18:11:49,3, 0
18:11:50,3, 0
18:11:52,3, 0
18:11:54,3, 0
18:11:56,3, 0
18:11:58,3, 0
18:12:00,3, 0
18:12:02,3, 0
18:12:04,3, 0
18:12:05,3, 0
18:12:07,3, 0
18:12:09,3, 0
18:12:11,3, 0
18:12:12,3, 0
18:12:15,3, 0
18:12:16,3, 0
18:12:18,3, 0
18:12:20,3, 0
18:12:22,3, 0
18:12:24,3, 0
18:12:25,3, 0
18:12:27,4, 0
18:12:29,3, 0
18:12:31,3, 0
18:12:33,3, 0
18:12:35,3, 0
18:12:36,3, 0
18:12:38,3, 0
18:12:40,3, 0
18:12:42,3, 0
18:12:45,3, 0
18:12:46,3, 0
18:12:48,3, 0
18:12:50,3, 0
18:12:52,3, 0
18:12:53,3, 0
18:12:55,3, 0
18:12:57,3, 0
18:12:59,3, 0
18:13:01,3, 0
18:13:03,3, 0
18:13:05,3, 0
18:13:06,3, 0
18:13:08,3, 0
18:13:10,3, 0
18:13:12,3, 0
18:13:14,3, 0
18:13:16,3, 0
18:13:18,3, 0
18:13:19,3, 0
18:13:21,3, 0
18:13:23,3, 0
18:13:25,3, 0
18:13:27,3, 0
18:13:29,3, 0
18:13:31,3, 0
18:13:32,3, 0
18:13:34,3, 0
18:13:36,3, 0
18:13:38,3, 0
18:13:39,3, 0
18:13:41,3, 0
18:13:43,3, 0
18:13:45,3, 0
18:13:47,3, 0
18:13:49,3, 0
18:13:51,3, 0
18:13:52,3, 0
18:13:54,3, 0
18:13:56,4, 0
18:13:58,3, 0
18:14:00,3, 0
18:14:02,3, 0
18:14:03,3, 0
18:14:05,3, 0
18:14:07,3, 0
18:14:09,3, 0
18:14:11,3, 0
18:14:13,3, 0
18:14:14,3, 0
18:14:16,3, 0
18:14:18,3, 0
18:14:20,3, 0
18:14:22,3, 0
18:14:24,3, 0
18:14:26,3, 0
18:14:28,3, 0
18:14:29,3, 0
18:14:31,3, 0
18:14:33,3, 0
18:14:35,3, 0
18:14:36,4, 0
18:14:38,3, 0
18:14:40,3, 0
18:14:42,3, 0
18:14:44,3, 0
18:14:46,3, 0
18:14:48,3, 0
18:14:50,3, 0
18:14:51,3, 0
18:14:53,3, 0
18:14:55,3, 0
18:14:58,3, 0
18:14:59,3, 0
18:15:01,3, 0
18:15:03,3, 0
18:15:05,3, 0
18:15:07,3, 0
18:15:08,3, 0
18:15:10,4, 0
18:15:12,3, 0
18:15:14,3, 0
18:15:16,3, 0
18:15:18,3, 0
18:15:20,3, 0
18:15:21,3, 0
18:15:23,3, 0
18:15:25,3, 0
18:15:27,3, 0
18:15:29,3, 0
18:15:31,3, 0
18:15:32,4, 0
18:15:34,3, 0
18:15:36,3, 0
18:15:38,3, 0
18:15:40,3, 0
18:15:41,3, 0
18:15:43,3, 0
18:15:45,3, 0
18:15:47,3, 0
18:15:49,3, 0
18:15:51,3, 0
18:15:53,3, 0
18:15:54,3, 0
18:15:56,3, 0
18:15:58,3, 0
18:16:00,3, 0
18:16:02,3, 0
18:16:03,3, 0
18:16:06,3, 0
18:16:07,4, 0
18:16:09,4, 0
18:16:11,4, 0
18:16:13,3, 0
18:16:15,3, 0
18:16:16,3, 0
18:16:18,3, 0
18:16:20,4, 0
18:16:22,3, 0
18:16:24,3, 0
18:16:25,3, 0
18:16:27,3, 0
18:16:29,3, 0
18:16:31,3, 0
18:16:33,3, 0
18:16:35,3, 0
18:16:37,3, 0
18:16:38,3, 0
18:16:40,3, 0
18:16:42,3, 0
18:16:44,3, 0
18:16:46,3, 0
18:16:48,3, 0
18:16:49,3, 0
18:16:51,3, 0
18:16:53,3, 0
18:16:55,3, 0
18:16:57,3, 0
18:16:59,3, 0
18:17:00,3, 0
18:17:03,3, 0
18:17:04,3, 0
18:17:06,4, 0
18:17:08,3, 0
18:17:10,3, 0
18:17:12,3, 0
18:17:13,3, 0
18:17:15,3, 0
18:17:17,3, 0
18:17:19,3, 0
18:17:21,3, 0
18:17:22,3, 0
18:17:25,3, 0
18:17:26,3, 0
18:17:28,3, 0
18:17:30,3, 0
18:17:32,3, 0
18:17:34,3, 0
18:17:35,3, 0
18:17:37,3, 0
18:17:39,3, 0
18:17:41,3, 0
18:17:44,3, 0
18:17:45,3, 0
18:17:47,3, 0
18:17:49,3, 0
18:17:51,3, 0
18:17:53,3, 0
18:17:55,3, 0
18:17:56,3, 0
18:17:58,3, 0
18:18:00,3, 0
18:18:02,3, 0
18:18:04,3, 0
18:18:05,3, 0
18:18:07,3, 0
18:18:09,3, 0
18:18:11,4, 0
18:18:13,3, 0
18:18:15,3, 0
18:18:16,3, 0
18:18:18,3, 0
18:18:20,3, 0
18:18:22,3, 0
18:18:24,4, 0
18:18:26,3, 0
18:18:28,3, 0
18:18:29,3, 0
18:18:31,3, 0
18:18:33,3, 0
18:18:35,3, 0
18:18:37,3, 0
18:18:38,3, 0
18:18:40,3, 0
18:18:42,3, 0
18:18:44,4, 0
18:18:46,3, 0
18:18:48,4, 0
18:18:49,3, 0
18:18:52,3, 0
18:18:53,3, 0
18:18:55,3, 0
18:18:57,3, 0
18:18:59,3, 0
18:19:01,3, 0
18:19:03,3, 0
18:19:04,3, 0
18:19:06,3, 0
18:19:08,3, 0
18:19:10,3, 0
18:19:12,3, 0
18:19:13,3, 0
18:19:15,3, 0
18:19:17,3, 0
18:19:19,3, 0
18:19:21,3, 0
18:19:23,3, 0
18:19:24,3, 0
18:19:26,3, 0
18:19:28,3, 0
18:19:30,3, 0
18:19:32,3, 0
18:19:34,3, 0
18:19:35,3, 0
18:19:37,3, 0
18:19:39,3, 0
18:19:41,3, 0
18:19:43,3, 0
18:19:45,3, 0
18:19:47,4, 0
18:19:49,3, 0
18:19:50,3, 0
18:19:52,3, 0
18:19:54,3, 0
18:19:56,3, 0
18:19:58,3, 0
18:19:59,3, 0
18:20:01,3, 0
18:20:03,3, 0
18:20:05,3, 0
18:20:07,3, 0
18:20:08,3, 0
18:20:10,3, 0
18:20:12,3, 0
18:20:14,3, 0
18:20:16,3, 0
18:20:18,3, 0
18:20:20,3, 0
18:20:21,3, 0
18:20:23,3, 0
18:20:25,3, 0
18:20:27,3, 0
18:20:29,3, 0
18:20:30,3, 0
18:20:32,3, 0
18:20:34,3, 0
18:20:36,3, 0
18:20:38,3, 0
18:20:40,3, 0
18:20:41,3, 0
18:20:43,3, 0
18:20:45,3, 0
18:20:47,3, 0
18:20:49,3, 0
18:20:51,3, 0
18:20:52,3, 0
18:20:54,3, 0
18:20:56,3, 0
18:20:58,3, 0
18:21:00,3, 0
18:21:02,3, 0
18:21:04,3, 0
18:21:05,3, 0
18:21:07,3, 0
18:21:09,3, 0
18:21:11,3, 0
18:21:13,3, 0
18:21:15,3, 0
18:21:16,3, 0
18:21:18,3, 0
18:21:20,3, 0
18:21:22,3, 0
18:21:24,3, 0
18:21:26,4, 0
18:21:27,3, 0
18:21:29,3, 0
18:21:31,3, 0
18:21:33,3, 0
18:21:35,3, 0
18:21:36,3, 0
18:21:38,3, 0
18:21:40,3, 0
18:21:42,3, 0
18:21:44,3, 0
18:21:46,3, 0
18:21:48,3, 0
18:21:49,3, 0
18:21:51,3, 0
18:21:53,3, 0
18:21:55,3, 0
18:21:57,3, 0
18:21:59,3, 0
18:22:01,3, 0
18:22:02,3, 0
18:22:04,3, 0
18:22:06,3, 0
18:22:08,3, 0
18:22:09,3, 0
18:22:11,3, 0
18:22:13,3, 0
18:22:15,3, 0
18:22:17,3, 0
18:22:19,3, 0
18:22:21,3, 0
18:22:22,3, 0
18:22:24,3, 0
18:22:26,3, 0
18:22:28,3, 0
18:22:30,3, 0
18:22:31,3, 0
18:22:33,3, 0
18:22:35,3, 0
18:22:37,3, 0
18:22:39,3, 0
18:22:41,3, 0
18:22:42,3, 0
18:22:45,3, 0
18:22:46,3, 0
18:22:48,3, 0
18:22:50,3, 0
18:22:52,3, 0
18:22:54,3, 0
18:22:55,3, 0
18:22:57,3, 0
18:22:59,3, 0
18:23:01,3, 0
18:23:03,3, 0
18:23:04,3, 0
18:23:06,3, 0
18:23:08,3, 0
18:23:10,3, 0
18:23:12,3, 0
18:23:14,4, 0
18:23:16,3, 0
18:23:18,3, 0
18:23:20,3, 0
18:23:22,3, 0
18:23:24,3, 0
18:23:25,3, 0
18:23:27,3, 0
18:23:29,3, 0
18:23:31,4, 0
18:23:33,3, 0
18:23:35,3, 0
18:23:37,3, 0
18:23:39,3, 0
18:23:40,3, 0
18:23:42,3, 0
18:23:44,3, 0
18:23:47,3, 0
18:23:48,3, 0
18:23:50,3, 0
18:23:52,3, 0
18:23:54,3, 0
18:23:56,3, 0
18:23:58,3, 0
18:23:59,3, 0
18:24:01,3, 0
18:24:03,3, 0
18:24:05,3, 0
18:24:07,3, 0
18:24:09,3, 0
18:24:10,3, 0
18:24:12,3, 0
18:24:14,3, 0
18:24:16,3, 0
18:24:18,3, 0
18:24:20,3, 0
18:24:21,3, 0
18:24:23,3, 0
18:24:25,3, 0
18:24:27,3, 0
18:24:29,3, 0
18:24:30,3, 0
18:24:32,3, 0
18:24:34,3, 0
18:24:36,3, 0
18:24:38,3, 0
18:24:40,3, 0
18:24:42,3, 0
18:24:43,3, 0
18:24:45,3, 0
18:24:47,3, 0
18:24:49,3, 0
18:24:51,3, 0
18:24:53,3, 0
18:24:54,4, 0
18:24:56,3, 0
18:24:58,3, 0
18:25:00,3, 0
18:25:02,3, 0
18:25:03,3, 0
18:25:05,3, 0
18:25:07,3, 0
18:25:09,3, 0
18:25:11,3, 0
18:25:13,3, 0
18:25:14,3, 0
18:25:16,3, 0
18:25:18,3, 0
18:25:20,3, 0
18:25:22,3, 0
18:25:24,3, 0
18:25:26,3, 0
18:25:27,3, 0
18:25:29,3, 0
18:25:31,3, 0
18:25:33,3, 0
18:25:35,3, 0
18:25:37,4, 0
18:25:38,3, 0
18:25:40,3, 0
18:25:42,3, 0
18:25:44,3, 0
18:25:46,3, 0
18:25:47,3, 0
18:25:49,3, 0
18:25:51,3, 0
18:25:53,3, 0
18:25:55,4, 0
18:25:57,3, 0
18:25:59,3, 0
18:26:01,3, 0
18:26:02,3, 0
18:26:04,3, 0
18:26:06,3, 0
18:26:08,3, 0
18:26:10,3, 0
18:26:12,3, 0
18:26:13,3, 0
18:26:15,3, 0
18:26:17,3, 0
18:26:19,3, 0
18:26:20,3, 0
18:26:22,3, 0
18:26:24,3, 0
18:26:26,3, 0
18:26:28,3, 0
18:26:30,3, 0
18:26:32,3, 0
18:26:34,3, 0
18:26:35,3, 0
18:26:37,3, 0
18:26:39,3, 0
18:26:41,3, 0
18:26:43,4, 0
18:26:44,3, 0
18:26:47,3, 0
18:26:48,3, 0
18:26:50,3, 0
18:26:52,3, 0
18:26:54,3, 0
18:26:55,3, 0
18:26:58,3, 0
18:26:59,3, 0
18:27:01,3, 0
18:27:03,3, 0
18:27:05,3, 0
18:27:06,3, 0
18:27:08,3, 0
18:27:10,3, 0
18:27:12,3, 0
18:27:14,3, 0
18:27:16,3, 0
18:27:17,3, 0
18:27:20,3, 0
18:27:21,3, 0
18:27:23,3, 0
18:27:25,3, 0
18:27:27,3, 0
18:27:29,3, 0
18:27:31,3, 0
18:27:32,3, 0
18:27:34,3, 0
18:27:36,3, 0
18:27:38,3, 0
18:27:40,3, 0
18:27:42,3, 0
18:27:44,3, 0
18:27:46,3, 0
18:27:48,3, 0
18:27:49,3, 0
18:27:51,3, 0
18:27:53,3, 0
18:27:55,3, 0
18:27:57,3, 0
18:27:59,3, 0
18:28:01,3, 0
18:28:02,4, 0
18:28:04,3, 0
18:28:06,3, 0
18:28:08,3, 0
18:28:10,3, 0
18:28:11,3, 0
18:28:13,3, 0
18:28:15,3, 0
18:28:17,3, 0
18:28:19,3, 0
18:28:21,3, 0
18:28:23,3, 0
18:28:24,3, 0
18:28:26,3, 0
18:28:28,3, 0
18:28:30,3, 0
18:28:32,3, 0
18:28:34,3, 0
18:28:35,3, 0
18:28:37,3, 0
18:28:39,3, 0
18:28:41,4, 0
18:28:43,3, 0
18:28:45,3, 0
18:28:46,3, 0
18:28:48,3, 0
18:28:50,3, 0
18:28:52,3, 0
18:28:54,3, 0
18:28:56,3, 0
18:28:57,4, 0
18:28:59,3, 0
18:29:01,3, 0
18:29:03,3, 0
18:29:05,3, 0
18:29:06,3, 0
18:29:08,3, 0
18:29:10,3, 0
18:29:12,3, 0
18:29:14,3, 0
18:29:16,3, 0
18:29:18,3, 0
18:29:19,3, 0
18:29:21,3, 0
18:29:23,3, 0
18:29:25,3, 0
18:29:27,3, 0
18:29:29,3, 0
18:29:30,3, 0
18:29:32,3, 0
18:29:34,3, 0
18:29:36,3, 0
18:29:38,3, 0
18:29:40,3, 0
18:29:41,3, 0
18:29:43,3, 0
18:29:45,3, 0
18:29:47,3, 0
18:29:49,3, 0
18:29:51,3, 0
18:29:52,3, 0
18:29:55,4, 0
18:29:56,3, 0
18:29:58,3, 0
18:30:00,3, 0
18:30:02,3, 0
18:30:04,3, 0
18:30:06,3, 0
18:30:07,3, 0
18:30:09,3, 0
18:30:11,3, 0
18:30:13,3, 0
18:30:15,3, 0
18:30:17,3, 0
18:30:18,3, 0
18:30:20,3, 0
18:30:22,3, 0
18:30:24,3, 0
18:30:26,3, 0
18:30:28,4, 0
18:30:30,3, 0
18:30:32,3, 0
18:30:34,3, 0
18:30:35,3, 0
18:30:37,3, 0
18:30:39,3, 0
18:30:41,3, 0
18:30:43,3, 0
18:30:45,3, 0
18:30:47,3, 0
18:30:48,3, 0
18:30:50,3, 0
18:30:52,3, 0
18:30:54,3, 0
18:30:56,3, 0
18:30:58,3, 0
18:30:59,3, 0
18:31:01,3, 0
18:31:03,3, 0
18:31:05,3, 0
18:31:07,3, 0
18:31:09,3, 0
18:31:10,3, 0
18:31:12,3, 0
18:31:14,3, 0
18:31:16,3, 0
18:31:18,3, 0
18:31:20,4, 0
18:31:21,3, 0
18:31:23,3, 0
18:31:25,3, 0
18:31:27,3, 0
18:31:29,3, 0
18:31:31,3, 0
18:31:32,3, 0
18:31:34,3, 0
18:31:36,3, 0
18:31:38,3, 0
18:31:40,3, 0
18:31:42,3, 0
18:31:43,3, 0
18:31:45,3, 0
18:31:47,3, 0
18:31:49,3, 0
18:31:51,3, 0
18:31:52,3, 0
18:31:54,3, 0
18:31:56,3, 0
18:31:58,3, 0
18:32:00,4, 0
18:32:02,3, 0
18:32:04,3, 0
18:32:05,3, 0
18:32:07,3, 0
18:32:09,3, 0
18:32:11,3, 0
18:32:13,4, 0
18:32:14,3, 0
18:32:17,3, 0
18:32:18,3, 0
18:32:20,3, 0
18:32:22,4, 0
18:32:24,3, 0
18:32:26,3, 0
18:32:27,3, 0
18:32:29,3, 0
18:32:31,3, 0
18:32:33,3, 0
18:32:35,3, 0
18:32:37,3, 0
18:32:39,3, 0
18:32:40,3, 0
18:32:42,3, 0
18:32:44,3, 0
18:32:46,3, 0
18:32:48,3, 0
18:32:49,3, 0
18:32:51,3, 0
18:32:53,3, 0
18:32:55,3, 0
18:32:57,3, 0
18:32:59,3, 0
18:33:01,3, 0
18:33:02,3, 0
18:33:04,3, 0
18:33:06,3, 0
18:33:08,3, 0
18:33:11,4, 0
18:33:12,3, 0
18:33:14,3, 0
18:33:16,3, 0
18:33:18,3, 0
18:33:20,3, 0
18:33:22,3, 0
18:33:23,3, 0
18:33:25,3, 0
18:33:27,3, 0
18:33:29,3, 0
18:33:31,3, 0
18:33:33,3, 0
18:33:34,3, 0
18:33:36,3, 0
18:33:38,3, 0
18:33:40,3, 0
18:33:42,3, 0
18:33:44,3, 0
18:33:46,3, 0
18:33:48,3, 0
18:33:50,3, 0
18:33:52,3, 0
18:33:54,3, 0
18:33:55,3, 0
18:33:57,3, 0
18:33:59,3, 0
18:34:01,3, 0
18:34:03,3, 0
18:34:05,4, 0
18:34:07,3, 0
18:34:08,3, 0
18:34:10,3, 0
18:34:12,3, 0
18:34:15,3, 0
18:34:16,4, 0
18:34:18,3, 0
18:34:20,3, 0
18:34:22,3, 0
18:34:24,3, 0
18:34:26,3, 0
18:34:27,3, 0
18:34:29,3, 0
18:34:31,3, 0
18:34:33,3, 0
18:34:35,3, 0
18:34:36,3, 0
18:34:38,3, 0
18:34:40,3, 0
18:34:42,3, 0
18:34:44,4, 0
18:34:46,3, 0
18:34:47,3, 0
18:34:49,3, 0
18:34:51,3, 0
18:34:53,3, 0
18:34:55,3, 0
18:34:57,4, 0
18:34:58,3, 0
18:35:01,3, 0
18:35:02,3, 0
18:35:04,3, 0
18:35:06,3, 0
18:35:08,3, 0
18:35:10,3, 0
18:35:12,3, 0
18:35:13,3, 0
18:35:15,3, 0
18:35:17,3, 0
18:35:19,3, 0
18:35:21,3, 0
18:35:22,3, 0
18:35:24,3, 0
18:35:26,3, 0
18:35:28,3, 0
18:35:30,3, 0
18:35:32,3, 0
18:35:34,3, 0
18:35:35,3, 0
18:35:37,3, 0
18:35:39,4, 0
18:35:41,3, 0
18:35:43,3, 0
18:35:44,3, 0
18:35:46,3, 0
18:35:48,3, 0
18:35:50,3, 0
18:35:53,3, 0
18:35:54,3, 0
18:35:56,3, 0
18:35:58,3, 0
18:36:00,3, 0
18:36:02,3, 0
18:36:04,3, 0
18:36:05,3, 0
18:36:07,3, 0
18:36:09,3, 0
18:36:11,3, 0
18:36:13,3, 0
18:36:15,3, 0
18:36:16,3, 0
18:36:18,4, 0
18:36:20,3, 0
18:36:22,3, 0
18:36:24,3, 0
18:36:25,3, 0
18:36:28,3, 0
18:36:29,3, 0
18:36:31,3, 0
18:36:33,3, 0
18:36:35,3, 0
18:36:36,3, 0
18:36:38,3, 0
18:36:40,3, 0
18:36:42,3, 0
18:36:44,3, 0
18:36:46,3, 0
18:36:47,3, 0
18:36:49,3, 0
18:36:51,3, 0
18:36:53,3, 0
18:36:55,3, 0
18:36:57,3, 0
18:36:59,3, 0
18:37:00,3, 0
18:37:02,3, 0
18:37:04,3, 0
18:37:06,3, 0
18:37:08,3, 0
18:37:10,3, 0
18:37:11,3, 0
18:37:13,3, 0
18:37:15,3, 0
18:37:17,3, 0
18:37:19,3, 0
18:37:21,3, 0
18:37:22,3, 0
18:37:24,3, 0
18:37:26,3, 0
18:37:28,3, 0
18:37:30,3, 0
18:37:31,3, 0
18:37:33,3, 0
18:37:35,3, 0
18:37:37,3, 0
18:37:39,3, 0
18:37:41,3, 0
18:37:43,3, 0
18:37:45,3, 0
18:37:46,3, 0
18:37:48,3, 0
18:37:50,3, 0
18:37:52,3, 0
18:37:53,3, 0
18:37:55,3, 0
18:37:57,3, 0
18:37:59,3, 0
18:38:01,3, 0
18:38:03,3, 0
18:38:04,3, 0
18:38:06,3, 0
18:38:08,3, 0
18:38:10,3, 0
18:38:12,3, 0
18:38:14,3, 0
18:38:16,3, 0
18:38:18,3, 0
18:38:19,3, 0
18:38:21,3, 0
18:38:23,3, 0
18:38:25,3, 0
18:38:27,3, 0
18:38:29,3, 0
18:38:30,3, 0
18:38:32,4, 0
18:38:34,3, 0
18:38:36,3, 0
18:38:38,3, 0
18:38:40,3, 0
18:38:41,4, 0
18:38:43,3, 0
18:38:45,3, 0
18:38:47,3, 0
18:38:49,3, 0
18:38:51,3, 0
18:38:52,3, 0
18:38:54,3, 0
18:38:56,3, 0
18:38:58,3, 0
18:39:00,3, 0
18:39:02,3, 0
18:39:03,3, 0
18:39:05,3, 0
18:39:07,3, 0
18:39:09,3, 0
18:39:11,3, 0
18:39:13,3, 0
18:39:15,3, 0
18:39:17,3, 0
18:39:19,3, 0
18:39:21,3, 0
18:39:22,3, 0
18:39:24,3, 0
18:39:26,3, 0
18:39:28,3, 0
18:39:30,4, 0
18:39:32,3, 0
18:39:33,3, 0
18:39:35,3, 0
18:39:37,3, 0
18:39:39,3, 0
18:39:41,3, 0
18:39:43,3, 0
18:39:44,3, 0
18:39:47,3, 0
18:39:48,3, 0
18:39:50,3, 0
18:39:52,3, 0
18:39:54,3, 0
18:39:55,3, 0
18:39:57,3, 0
18:39:59,3, 0
18:40:01,3, 0
18:40:03,3, 0
18:40:05,3, 0
18:40:06,3, 0
18:40:08,3, 0
18:40:10,3, 0
18:40:12,3, 0
18:40:14,3, 0
18:40:16,3, 0
18:40:18,3, 0
18:40:19,3, 0
18:40:21,3, 0
18:40:23,3, 0
18:40:25,3, 0
18:40:27,3, 0
18:40:28,3, 0
18:40:31,3, 0
18:40:32,3, 0
18:40:34,3, 0
18:40:36,3, 0
18:40:38,3, 0
18:40:40,3, 0
18:40:41,3, 0
18:40:43,3, 0
18:40:45,3, 0
18:40:47,3, 0
18:40:49,3, 0
18:40:51,3, 0
18:40:53,3, 0
18:40:54,3, 0
18:40:56,3, 0
18:40:58,3, 0
18:41:00,3, 0
18:41:02,3, 0
18:41:03,3, 0
18:41:05,3, 0
18:41:07,3, 0
18:41:09,4, 0
18:41:11,3, 0
18:41:13,3, 0
18:41:15,3, 0
18:41:16,3, 0
18:41:18,3, 0
18:41:20,3, 0
18:41:22,3, 0
18:41:24,3, 0
18:41:26,3, 0
18:41:27,3, 0
18:41:29,3, 0
18:41:31,3, 0
18:41:33,3, 0
18:41:35,3, 0
18:41:37,3, 0
18:41:39,3, 0
18:41:40,3, 0
18:41:42,3, 0
18:41:44,3, 0
18:41:46,4, 0
18:41:47,3, 0
18:41:49,3, 0
18:41:51,3, 0
18:41:53,3, 0
18:41:55,4, 0
18:41:57,3, 0
18:41:59,3, 0
18:42:00,3, 0
18:42:02,4, 0
18:42:04,3, 0
18:42:06,3, 0
18:42:08,3, 0
18:42:10,3, 0
18:42:12,3, 0
18:42:13,3, 0
18:42:15,3, 0
18:42:17,3, 0
18:42:19,3, 0
18:42:21,3, 0
18:42:23,3, 0
18:42:24,3, 0
18:42:26,3, 0
18:42:28,3, 0
18:42:30,3, 0
18:42:32,3, 0
18:42:34,3, 0
18:42:35,3, 0
18:42:37,3, 0
18:42:39,4, 0
18:42:41,3, 0
18:42:43,3, 0
18:42:45,3, 0
18:42:46,3, 0
18:42:48,3, 0
18:42:50,3, 0
18:42:52,4, 0
18:42:54,3, 0
18:42:56,3, 0
18:42:57,3, 0
18:42:59,3, 0
18:43:01,3, 0
18:43:04,3, 0
18:43:05,3, 0
18:43:07,4, 0
18:43:09,3, 0
18:43:11,4, 0
18:43:13,3, 0
18:43:14,3, 0
18:43:16,3, 0
18:43:18,3, 0
18:43:20,3, 0
18:43:22,3, 0
18:43:24,3, 0
18:43:25,3, 0
18:43:27,3, 0
18:43:29,3, 0
18:43:31,3, 0
18:43:33,3, 0
18:43:35,3, 0
18:43:36,3, 0
18:43:38,3, 0
18:43:40,3, 0
18:43:42,3, 0
18:43:44,3, 0
18:43:46,3, 0
18:43:48,3, 0
18:43:49,3, 0
18:43:51,3, 0
18:43:53,3, 0
18:43:55,3, 0
18:43:57,3, 0
18:43:58,3, 0
18:44:00,3, 0
18:44:02,3, 0
18:44:04,3, 0
18:44:06,4, 0
18:44:08,3, 0
18:44:10,3, 0
18:44:12,3, 0
18:44:13,3, 0
18:44:15,3, 0
18:44:17,3, 0
18:44:19,3, 0
18:44:20,3, 0
18:44:23,3, 0
18:44:24,4, 0
18:44:26,3, 0
18:44:28,3, 0
18:44:30,3, 0
18:44:32,3, 0
18:44:34,3, 0
18:44:35,3, 0
18:44:37,3, 0
18:44:39,3, 0
18:44:41,3, 0
18:44:43,3, 0
18:44:44,4, 0
18:44:46,3, 0
18:44:48,3, 0
18:44:50,3, 0
18:44:52,3, 0
18:44:54,3, 0
18:44:56,3, 0
18:44:57,3, 0
18:44:59,3, 0
18:45:01,3, 0
18:45:03,3, 0
18:45:05,3, 0
18:45:07,3, 0
18:45:08,3, 0
18:45:10,3, 0
18:45:12,3, 0
18:45:14,3, 0
18:45:16,3, 0
18:45:18,3, 0
18:45:19,3, 0
18:45:21,3, 0
18:45:23,3, 0
18:45:25,3, 0
18:45:27,3, 0
18:45:29,3, 0
18:45:31,3, 0
18:45:32,3, 0
18:45:34,3, 0
18:45:36,3, 0
18:45:38,3, 0
18:45:39,3, 0
18:45:41,3, 0
18:45:43,3, 0
18:45:45,3, 0
18:45:47,3, 0
18:45:49,3, 0
18:45:51,3, 0
18:45:52,3, 0
18:45:54,3, 0
18:45:56,3, 0
18:45:58,3, 0
18:46:00,3, 0
18:46:02,3, 0
18:46:04,3, 0
18:46:05,3, 0
18:46:07,3, 0
18:46:09,3, 0
18:46:11,3, 0
18:46:13,4, 0
18:46:14,3, 0
18:46:16,3, 0
18:46:18,3, 0
18:46:20,3, 0
18:46:23,3, 0
18:46:24,3, 0
18:46:26,3, 0
18:46:28,3, 0
18:46:30,3, 0
18:46:32,3, 0
18:46:33,3, 0
18:46:35,3, 0
18:46:37,3, 0
18:46:39,4, 0
18:46:41,3, 0
18:46:43,3, 0
18:46:45,3, 0
18:46:46,3, 0
18:46:48,3, 0
18:46:50,3, 0
18:46:52,3, 0
18:46:54,3, 0
18:46:56,3, 0
18:46:58,3, 0
18:47:00,3, 0
18:47:02,3, 0
18:47:04,3, 0
18:47:06,3, 0
18:47:07,3, 0
18:47:09,3, 0
18:47:11,4, 0
18:47:13,3, 0
18:47:15,3, 0
18:47:16,3, 0
18:47:19,4, 0
18:47:20,3, 0
18:47:22,3, 0
18:47:24,3, 0
18:47:26,3, 0
18:47:27,3, 0
18:47:29,3, 0
18:47:31,3, 0
18:47:33,3, 0
18:47:35,4, 0
18:47:37,3, 0
18:47:39,3, 0
18:47:41,3, 0
18:47:42,3, 0
18:47:44,3, 0
18:47:46,3, 0
18:47:48,3, 0
18:47:50,3, 0
18:47:52,3, 0
18:47:53,3, 0
18:47:55,3, 0
18:47:57,3, 0
18:47:59,3, 0
18:48:01,3, 0
18:48:03,4, 0
18:48:05,3, 0
18:48:07,3, 0
18:48:09,3, 0
18:48:10,3, 0
18:48:12,3, 0
18:48:14,3, 0
18:48:16,4, 0
18:48:18,3, 0
18:48:20,3, 0
18:48:22,3, 0
18:48:23,3, 0
18:48:25,3, 0
18:48:27,3, 0
18:48:29,3, 0
18:48:31,3, 0
18:48:32,3, 0
18:48:34,3, 0
18:48:36,3, 0
18:48:38,3, 0
18:48:40,3, 0
18:48:42,3, 0
18:48:44,3, 0
18:48:45,3, 0
18:48:47,3, 0
18:48:49,3, 0
18:48:51,3, 0
18:48:53,3, 0
18:48:54,3, 0
18:48:57,3, 0
18:48:58,3, 0
18:49:00,3, 0
18:49:02,3, 0
18:49:04,3, 0
18:49:06,3, 0
18:49:07,3, 0
18:49:09,3, 0
18:49:11,3, 0
18:49:13,3, 0
18:49:15,3, 0
18:49:16,3, 0
18:49:18,3, 0
18:49:20,3, 0
18:49:22,3, 0
18:49:24,3, 0
18:49:26,3, 0
18:49:27,3, 0
18:49:30,3, 0
18:49:31,3, 0
18:49:33,3, 0
18:49:35,3, 0
18:49:37,3, 0
18:49:39,3, 0
18:49:40,3, 0
18:49:42,3, 0
18:49:44,3, 0
18:49:46,4, 0
18:49:48,3, 0
18:49:50,3, 0
18:49:51,3, 0
18:49:53,3, 0
18:49:55,3, 0
18:49:57,3, 0
18:49:59,3, 0
18:50:01,3, 0
18:50:02,3, 0
18:50:04,4, 0
18:50:06,3, 0
18:50:08,3, 0
18:50:10,3, 0
18:50:12,3, 0
18:50:14,3, 0
18:50:16,3, 0
18:50:17,3, 0
18:50:19,3, 0
18:50:21,3, 0
18:50:23,3, 0
18:50:25,3, 0
18:50:26,3, 0
18:50:28,3, 0
18:50:30,3, 0
18:50:32,3, 0
18:50:34,3, 0
18:50:36,3, 0
18:50:37,3, 0
18:50:39,4, 0
18:50:41,3, 0
18:50:43,3, 0
18:50:46,3, 0
18:50:47,3, 0
18:50:49,3, 0
18:50:51,3, 0
18:50:53,3, 0
18:50:55,3, 0
18:50:56,3, 0
18:50:58,3, 0
18:51:00,3, 0
18:51:02,3, 0
18:51:04,3, 0
18:51:06,3, 0
18:51:07,3, 0
18:51:09,3, 0
18:51:11,3, 0
18:51:13,3, 0
18:51:15,3, 0
18:51:17,3, 0
18:51:18,3, 0
18:51:21,3, 0
18:51:22,3, 0
18:51:24,3, 0
18:51:26,3, 0
18:51:28,3, 0
18:51:29,3, 0
18:51:31,3, 0
18:51:33,3, 0
18:51:35,3, 0
18:51:37,3, 0
18:51:39,3, 0
18:51:41,3, 0
18:51:42,4, 0
18:51:44,3, 0
18:51:46,3, 0
18:51:48,3, 0
18:51:50,3, 0
18:51:51,3, 0
18:51:53,3, 0
18:51:55,3, 0
18:51:57,3, 0
18:51:59,3, 0
18:52:01,3, 0
18:52:02,3, 0
18:52:04,4, 0
18:52:06,3, 0
18:52:08,3, 0
18:52:10,3, 0
18:52:12,3, 0
18:52:13,3, 0
18:52:15,3, 0
18:52:17,3, 0
18:52:19,3, 0
18:52:21,3, 0
18:52:23,3, 0
18:52:25,3, 0
18:52:26,3, 0
18:52:28,3, 0
18:52:30,4, 0
18:52:32,3, 0
18:52:34,3, 0
18:52:35,3, 0
18:52:37,3, 0
18:52:39,3, 0
18:52:41,3, 0
18:52:43,3, 0
18:52:45,3, 0
18:52:47,3, 0
18:52:48,3, 0
18:52:50,3, 0
18:52:52,3, 0
18:52:54,3, 0
18:52:56,4, 0
18:52:57,3, 0
18:52:59,3, 0
18:53:01,3, 0
18:53:03,3, 0
18:53:05,3, 0
18:53:07,3, 0
18:53:08,3, 0
18:53:10,3, 0
18:53:12,3, 0
18:53:14,3, 0
18:53:16,3, 0
18:53:18,3, 0
18:53:20,3, 0
18:53:21,3, 0
18:53:23,3, 0
18:53:25,3, 0
18:53:27,3, 0
18:53:29,3, 0
18:53:31,3, 0
18:53:32,3, 0
18:53:34,3, 0
18:53:36,3, 0
18:53:38,3, 0
18:53:40,3, 0
18:53:42,3, 0
18:53:44,3, 0
18:53:45,3, 0
18:53:47,3, 0
18:53:49,3, 0
18:53:51,3, 0
18:53:53,3, 0
18:53:54,3, 0
18:53:56,4, 0
18:53:58,3, 0
18:54:00,3, 0
18:54:02,3, 0
18:54:04,3, 0
18:54:06,3, 0
18:54:07,3, 0
18:54:09,3, 0
18:54:11,3, 0
18:54:13,3, 0
18:54:15,3, 0
18:54:17,3, 0
18:54:18,3, 0
18:54:20,3, 0
18:54:22,3, 0
18:54:24,3, 0
18:54:26,3, 0
18:54:27,3, 0
18:54:30,3, 0
18:54:31,3, 0
18:54:33,3, 0
18:54:35,3, 0
18:54:37,3, 0
18:54:39,3, 0
18:54:41,3, 0
18:54:43,3, 0
18:54:45,4, 0
18:54:47,3, 0
18:54:49,3, 0
18:54:50,3, 0
18:54:52,3, 0
18:54:54,3, 0
18:54:56,3, 0
18:54:58,3, 0
18:54:59,3, 0
18:55:02,3, 0
18:55:03,3, 0
18:55:05,3, 0
18:55:07,3, 0
18:55:09,4, 0
18:55:11,3, 0
18:55:12,3, 0
18:55:14,3, 0
18:55:16,3, 0
18:55:18,3, 0
18:55:20,3, 0
18:55:22,3, 0
18:55:24,3, 0
18:55:25,3, 0
18:55:27,3, 0
18:55:29,3, 0
18:55:31,3, 0
18:55:32,3, 0
18:55:34,3, 0
18:55:36,3, 0
18:55:38,3, 0
18:55:40,3, 0
18:55:42,3, 0
18:55:44,3, 0
18:55:45,3, 0
18:55:47,3, 0
18:55:49,3, 0
18:55:51,3, 0
18:55:53,3, 0
18:55:55,3, 0
18:55:57,3, 0
18:55:58,3, 0
18:56:00,3, 0
18:56:02,3, 0
18:56:04,3, 0
18:56:06,3, 0
18:56:07,4, 0
18:56:10,3, 0
18:56:11,3, 0
18:56:13,3, 0
18:56:15,4, 0
18:56:17,3, 0
18:56:19,3, 0
18:56:21,3, 0
18:56:23,3, 0
18:56:25,3, 0
18:56:27,3, 0
18:56:29,3, 0
18:56:30,3, 0
18:56:32,3, 0
18:56:34,3, 0
18:56:36,3, 0
18:56:38,3, 0
18:56:40,3, 0
18:56:41,3, 0
18:56:43,3, 0
18:56:45,3, 0
18:56:47,3, 0
18:56:49,3, 0
18:56:50,4, 0
18:56:52,3, 0
18:56:54,3, 0
18:56:56,3, 0
18:56:58,3, 0
18:57:00,3, 0
18:57:01,3, 0
18:57:04,3, 0
18:57:05,3, 0
18:57:07,3, 0
18:57:09,3, 0
18:57:11,3, 0
18:57:13,3, 0
18:57:15,3, 0
18:57:16,3, 0
18:57:18,3, 0
18:57:20,3, 0
18:57:23,3, 0
18:57:24,3, 0
18:57:26,3, 0
18:57:28,3, 0
18:57:30,3, 0
18:57:32,3, 0
18:57:34,3, 0
18:57:35,3, 0
18:57:37,3, 0
18:57:39,3, 0
18:57:41,3, 0
18:57:43,3, 0
18:57:44,3, 0
18:57:46,3, 0
18:57:48,3, 0
18:57:50,3, 0
18:57:52,3, 0
18:57:54,3, 0
18:57:56,3, 0
18:57:57,3, 0
18:57:59,3, 0
18:58:01,3, 0
18:58:03,3, 0
18:58:05,3, 0
18:58:06,3, 0
18:58:08,3, 0
18:58:10,3, 0
18:58:12,3, 0
18:58:14,3, 0
18:58:16,3, 0
18:58:18,3, 0
18:58:19,3, 0
18:58:21,3, 0
18:58:23,3, 0
18:58:25,3, 0
18:58:27,3, 0
18:58:29,3, 0
18:58:31,3, 0
18:58:32,3, 0
18:58:34,3, 0
18:58:36,3, 0
18:58:38,3, 0
18:58:39,3, 0
18:58:41,3, 0
18:58:43,3, 0
18:58:45,3, 0
18:58:47,3, 0
18:58:49,3, 0
18:58:51,3, 0
18:58:53,3, 0
18:58:54,3, 0
18:58:56,3, 0
18:58:58,3, 0
18:59:00,3, 0
18:59:01,3, 0
18:59:03,3, 0
18:59:05,3, 0
18:59:07,3, 0
18:59:09,3, 0
18:59:11,3, 0
18:59:13,3, 0
18:59:15,3, 0
18:59:16,3, 0
18:59:18,3, 0
18:59:20,3, 0
18:59:22,3, 0
18:59:24,3, 0
18:59:26,3, 0
18:59:27,3, 0
18:59:29,3, 0
18:59:31,3, 0
18:59:33,3, 0
18:59:35,3, 0
18:59:37,3, 0
18:59:38,3, 0
18:59:40,3, 0
18:59:42,3, 0
18:59:44,3, 0
18:59:46,3, 0
18:59:48,3, 0
18:59:49,3, 0
18:59:51,3, 0
18:59:53,3, 0
18:59:55,3, 0
18:59:57,3, 0
18:59:59,3, 0
19:00:01,3, 0
19:00:02,3, 0
19:00:04,3, 0
19:00:06,3, 0
19:00:08,3, 0
19:00:09,3, 0
19:00:12,3, 0
19:00:13,3, 0
19:00:15,3, 0
19:00:17,3, 0
19:00:19,3, 0
19:00:21,3, 0
19:00:23,3, 0
19:00:24,3, 0
19:00:26,3, 0
19:00:28,3, 0
19:00:30,3, 0
19:00:32,3, 0
19:00:34,3, 0
19:00:35,3, 0
19:00:37,3, 0
19:00:39,3, 0
19:00:42,3, 0
19:00:43,3, 0
19:00:45,3, 0
19:00:47,3, 0
19:00:49,3, 0
19:00:51,3, 0
19:00:53,3, 0
19:00:54,3, 0
19:00:56,3, 0
19:00:58,3, 0
19:01:00,3, 0
19:01:02,3, 0
19:01:03,3, 0
19:01:05,3, 0
19:01:07,3, 0
19:01:09,3, 0
19:01:11,4, 0
19:01:13,3, 0
19:01:14,3, 0
19:01:16,3, 0
19:01:18,3, 0
19:01:20,3, 0
19:01:22,3, 0
19:01:24,3, 0
19:01:25,3, 0
19:01:28,3, 0
19:01:29,3, 0
19:01:31,3, 0
19:01:33,3, 0
19:01:35,3, 0
19:01:37,3, 0
19:01:38,3, 0
19:01:40,3, 0
19:01:42,3, 0
19:01:44,3, 0
19:01:46,3, 0
19:01:47,3, 0
19:01:50,3, 0
19:01:51,3, 0
19:01:53,3, 0
19:01:55,3, 0
19:01:57,3, 0
19:01:58,3, 0
19:02:00,3, 0
19:02:02,3, 0
19:02:04,3, 0
19:02:06,3, 0
19:02:08,3, 0
19:02:09,3, 0
19:02:12,3, 0
19:02:13,4, 0
19:02:15,3, 0
19:02:17,3, 0
19:02:19,3, 0
19:02:21,3, 0
19:02:22,3, 0
19:02:24,3, 0
19:02:26,3, 0
19:02:28,3, 0
19:02:30,3, 0
19:02:32,3, 0
19:02:34,3, 0
19:02:35,3, 0
19:02:37,3, 0
19:02:39,3, 0
19:02:41,3, 0
19:02:43,4, 0
19:02:44,3, 0
19:02:46,3, 0
19:02:48,3, 0
19:02:50,3, 0
19:02:52,3, 0
19:02:54,3, 0
19:02:55,3, 0
19:02:57,3, 0
19:02:59,3, 0
19:03:01,3, 0
19:03:03,3, 0
19:03:05,3, 0
19:03:07,3, 0
19:03:09,3, 0
19:03:10,3, 0
19:03:12,3, 0
19:03:14,3, 0
19:03:16,3, 0
19:03:18,3, 0
19:03:20,3, 0
19:03:21,3, 0
19:03:23,3, 0
19:03:25,3, 0
19:03:27,3, 0
19:03:29,3, 0
19:03:31,3, 0
19:03:33,3, 0
19:03:35,3, 0
19:03:37,3, 0
19:03:39,3, 0
19:03:40,3, 0
19:03:42,3, 0
19:03:44,3, 0
19:03:46,3, 0
19:03:48,3, 0
19:03:49,3, 0
19:03:51,3, 0
19:03:53,3, 0
19:03:55,3, 0
19:03:57,3, 0
19:03:59,3, 0
19:04:00,3, 0
19:04:03,3, 0
19:04:04,3, 0
19:04:06,3, 0
19:04:08,4, 0
19:04:10,3, 0
19:04:11,3, 0
19:04:14,3, 0
19:04:15,3, 0
19:04:17,3, 0
19:04:19,3, 0
19:04:21,3, 0
19:04:22,3, 0
19:04:24,3, 0
19:04:26,3, 0
19:04:28,3, 0
19:04:30,3, 0
19:04:32,3, 0
19:04:33,3, 0
19:04:35,4, 0
19:04:37,3, 0
19:04:39,3, 0
19:04:41,3, 0
19:04:43,3, 0
19:04:45,3, 0
19:04:47,3, 0
19:04:48,3, 0
19:04:50,3, 0
19:04:52,3, 0
19:04:54,3, 0
19:04:56,3, 0
19:04:58,3, 0
19:05:00,3, 0
19:05:01,3, 0
19:05:03,3, 0
19:05:05,3, 0
19:05:07,3, 0
19:05:08,3, 0
19:05:11,3, 0
19:05:12,3, 0
19:05:14,3, 0
19:05:16,3, 0
19:05:18,3, 0
19:05:19,3, 0
19:05:21,3, 0
19:05:23,3, 0
19:05:25,3, 0
19:05:27,3, 0
19:05:29,3, 0
19:05:31,3, 0
19:05:32,3, 0
19:05:34,3, 0
19:05:36,3, 0
19:05:38,3, 0
19:05:40,3, 0
19:05:42,3, 0
19:05:44,3, 0
19:05:45,3, 0
19:05:47,3, 0
19:05:49,3, 0
19:05:51,3, 0
19:05:53,3, 0
19:05:54,3, 0
19:05:56,3, 0
