2026/10/09 15:15:51.961, 4, 16, 59, 1920, 9751, 154.73, 0, 7, 0x0000000000000000
2026/10/09 15:15:52.965, 4, 16, 59, 1920, 9751, 154.73, 0, 7, 0x0000000000000001
2026/10/09 15:15:53.966, 4, 16, 58, 1800, 9501, 121.86, 3, 272, 0x0000000000000000
2026/10/09 15:15:54.966, 4, 16, 58, 1800, 9501, 128.65, 0, 22376, 0x0000000000000000
2026/10/09 15:15:55.966, 4, 16, 58, 1935, 9501, 140.25, 49, 22376, 0x0000000000000000
2026/10/09 15:15:56.967, 4, 16, 58, 1935, 9501, 154.10, 49, 22376, 0x0000000000000000
2026/10/09 15:15:57.967, 4, 16, 59, 1935, 9501, 167.37, 28, 23048, 0x0000000000000000
2026/10/09 15:15:58.967, 4, 16, 60, 1935, 9501, 229.17, 38, 23048, 0x0000000000000000
2026/10/09 15:15:59.968, 4, 16, 59, 1830, 9501, 213.42, 38, 23048, 0x0000000000000000
2026/10/09 15:16:00.968, 4, 16, 59, 1800, 9501, 196.97, 39, 23048, 0x0000000000000000
2026/10/09 15:16:01.968, 4, 16, 59, 1800, 9501, 196.13, 41, 23048, 0x0000000000000000
2026/10/09 15:16:02.969, 4, 16, 59, 1800, 9501, 194.57, 39, 23048, 0x0000000000000000
2026/10/09 15:16:03.969, 4, 16, 59, 1800, 9501, 196.66, 39, 23048, 0x0000000000000000
2026/10/09 15:16:04.969, 4, 16, 58, 1800, 9501, 195.98, 39, 23048, 0x0000000000000000
2026/10/09 15:16:05.970, 4, 16, 58, 1800, 9501, 196.08, 39, 23048, 0x0000000000000000
2026/10/09 15:16:06.970, 4, 16, 58, 1800, 9501, 194.43, 36, 23048, 0x0000000000000000
2026/10/09 15:16:07.970, 4, 16, 58, 1800, 9501, 195.85, 36, 23048, 0x0000000000000000
2026/10/09 15:16:08.971, 4, 16, 58, 1800, 9501, 196.41, 40, 23048, 0x0000000000000000
2026/10/09 15:16:09.971, 4, 16, 58, 1800, 9501, 195.87, 40, 23048, 0x0000000000000000
2026/10/09 15:16:10.971, 4, 16, 58, 1800, 9501, 195.88, 40, 23358, 0x0000000000000000
2026/10/09 15:16:11.972, 4, 16, 58, 1935, 9501, 186.33, 50, 23362, 0x0000000000000000
2026/10/09 15:16:12.972, 4, 16, 61, 1860, 9501, 234.10, 76, 23362, 0x0000000000000004
2026/10/09 15:16:13.972, 4, 16, 58, 1935, 9501, 215.90, 53, 23362, 0x0000000000000000
2026/10/09 15:16:14.973, 4, 16, 59, 1935, 9501, 229.95, 51, 23362, 0x0000000000000000
2026/10/09 15:16:15.973, 4, 16, 58, 1935, 9501, 205.83, 55, 23362, 0x0000000000000000
2026/10/09 15:16:16.973, 4, 16, 58, 1935, 9501, 228.58, 53, 23368, 0x0000000000000000
2026/10/09 15:16:17.974, 4, 16, 60, 1935, 9501, 232.40, 53, 23372, 0x0000000000000004
2026/10/09 15:16:18.974, 4, 16, 58, 1935, 9501, 202.34, 56, 23372, 0x0000000000000000
2026/10/09 15:16:19.974, 4, 16, 59, 1935, 9501, 231.00, 54, 23378, 0x0000000000000000
2026/10/09 15:16:20.975, 4, 16, 58, 1935, 9501, 204.43, 54, 23378, 0x0000000000000000
2026/10/09 15:16:21.975, 4, 16, 58, 1935, 9501, 230.57, 56, 23382, 0x0000000000000000
2026/10/09 15:16:22.975, 4, 16, 60, 1935, 9501, 233.77, 52, 23388, 0x0000000000000004
2026/10/09 15:16:23.976, 4, 16, 58, 1935, 9501, 202.34, 53, 23388, 0x0000000000000000
2026/10/09 15:16:24.976, 4, 16, 59, 1935, 9501, 229.67, 35, 23390, 0x0000000000000000
2026/10/09 15:16:25.976, 4, 16, 59, 1935, 9501, 233.97, 39, 23390, 0x0000000000000000
2026/10/09 15:16:26.977, 4, 16, 58, 1890, 9501, 223.25, 40, 23390, 0x0000000000000000
2026/10/09 15:16:27.977, 4, 16, 58, 1860, 9501, 211.04, 40, 23390, 0x0000000000000000
2026/10/09 15:16:28.977, 4, 16, 58, 1845, 9501, 205.46, 39, 23390, 0x0000000000000000
2026/10/09 15:16:29.978, 4, 16, 58, 1845, 9501, 203.15, 40, 23390, 0x0000000000000000
2026/10/09 15:16:30.978, 4, 16, 58, 1845, 9501, 203.77, 40, 23390, 0x0000000000000000
2026/10/09 15:16:31.978, 4, 16, 58, 1845, 9501, 203.79, 37, 23390, 0x0000000000000000
2026/10/09 15:16:32.979, 4, 16, 58, 1845, 9501, 204.17, 40, 23390, 0x0000000000000000
2026/10/09 15:16:33.979, 4, 16, 57, 1845, 9501, 201.78, 40, 23390, 0x0000000000000000
2026/10/09 15:16:34.980, 4, 16, 58, 1845, 9501, 203.70, 36, 23390, 0x0000000000000000
2026/10/09 15:16:35.980, 4, 16, 57, 1845, 9501, 203.91, 41, 23390, 0x0000000000000000
2026/10/09 15:16:36.980, 4, 16, 57, 1845, 9501, 203.35, 40, 23390, 0x0000000000000000
2026/10/09 15:16:37.980, 4, 16, 57, 1845, 9501, 203.43, 37, 340, 0x0000000000000000
2026/10/09 15:16:38.981, 4, 16, 57, 1935, 9751, 177.84, 2, 7, 0x0000000000000000
