timestamp,pcie.link.gen.current,temperature.gpu,clocks.sm,clocks.mem,power.draw,utilization.gpu,memory.used
2026/09/23 16:41:26.194, 1, 52, 210, 405, 35.86, 0, 7
2026/09/23 16:41:27.204, 1, 52, 210, 405, 35.86, 0, 7
2026/09/23 16:41:28.204, 4, 53, 1800, 9501, 44.02, 3, 6812
2026/09/23 16:41:29.204, 4, 55, 1950, 9501, 138.05, 51, 7162
2026/09/23 16:41:30.204, 4, 62, 1860, 9501, 359.38, 99, 7162
2026/09/23 16:41:31.204, 4, 64, 1845, 9501, 416.12, 99, 7162
2026/09/23 16:41:32.205, 4, 64, 1845, 9501, 416.55, 99, 7162
2026/09/23 16:41:33.205, 4, 65, 1845, 9501, 418.20, 99, 7162
2026/09/23 16:41:34.205, 4, 66, 1845, 9501, 418.05, 99, 7
2026/09/23 16:41:35.205, 4, 60, 1920, 9751, 202.98, 0, 7
